category,productCategory,sku,model
Audio,Ear Tips,99MO035003,Memory Foam Eartips - Black
Audio,Ear Tips,99MO035004,Silicone Eartips - Black
Audio,Headphones,99MO035007,Avanti - Black
Audio,Headphones,99MO035008,Avanti Air - Black
Audio,Earphones,99MO035023,Vortex Air - Dark Steel
Audio,Headphones,99MO035081,Avanti C - Black
Audio,Headphones,99MO035082,Avanti LT - Black
Audio,Earphones,99MO035202,Vortex pro - Sliver
Audio,Earphones,99MO035204,Mythro - Silver
Audio,SoundBar,99MO035205,Spatia US - Gray/Black
Audio,Earphones,99MO035221,Mythro Air - Jet Silver
Audio,Earphones,99MO035223,Mythro C - Silver
Audio,Earphones,99MO035224,Mythro LT - Silver
Audio,Earphones,99MO035241,Mythro - Titanium Gray
Audio,Earphones,99MO035242,Mythro Air - Gunmetal Gray
Audio,Earphones,99MO035243,Vortex 2 - Silver
Audio,Earphones,99MO035246,Mythro C - Gray
Audio,Earphones,99MO035302,Mythro - Pink
Audio,Earphones,99MO035322,Mythro - Red
Audio,Earphones,99MO035324,Mythro Air - Burgundy Red
Audio,Earphones,99MO035325,Avanti C - Red
Audio,Earphones,99MO035326,Avanti LT - Red
Audio,Earphones,99MO035411,Mythro - Purple
Audio,Earphones,99MO035621,Moonrock - Green
Audio,Headphones,99MO035711,Avanti - Beige
Audio,Headphones,99MO035712,Avanti C - Beige
Audio,Headphones,99MO035713,Avanti LT - Beige
Audio,Earphones,99MO035731,Mythro - Gold
Audio,Earphones,99MO035002,Dulcia - Black
Audio,SoundBar,99MO035208,Spatia TW - Gray/Black
Audio,Earphones,99MO035005,Keramo - Black
Audio,Earphones,99MO035201,Clarus-MFi - Silver
Audio,Earphones,99MO035021,Vortex - Dark Steel
Audio,Earphones,99MO035721,Moonrock - Yellow
Audio,Earphones,99MO035321,Moonrock - Red
Audio,Earphones,99MO035101,Moonrock - White
Audio,Headphones,99MO035323,Avanti - Red
Audio,Earphones,99MO035001,Moonrock - Black
Audio,Earphones,99MO035311,Dulcia - Pink
Audio,Earphones,99MO035102,Dulcia - White
Audio,Earphones,99MO035301,Moonrock - Pink
Audio,SoundBar,99MO035206,Spatia EU/UK - Gray/Black
Audio,Headphones,99MO035011,Avanti Jason Wu - Grey
Audio,Earphones,99MO035231,Orbito  BT TX audio adapter
Bags,Smart Phone Bag,99MO001007,iPouch Plus - Black
Bags,Smart Phone Bag,99MO001406,iPouch Plus - Pink
Bags,Smart Phone Bag,99MO001705,iPouch - Beige
Bags,Laptops Bag,99MO010322,Codex 12 - Burgundy Red
Bags,Computer Bag,99MO034003,Muse 12 - Black
Bags,Computer Bag,99MO034007,Muse 13 - Graphite Black
Bags,Computer Bag,99MO034715,Muse 13 - Sahara Beige
Bags,Slingpacks,99MO077001,Venturo (soft version) - Charcoal Black
Bags,Slingpacks,99MO077511,Venturo (soft version) - Steel Blue
Bags,Slingpacks,99MO077521,Venturo - Navy Blue
Bags,Slingpacks,99MO077532,Venturo - Bahama Blue
Bags,Slingpacks,99MO077701,Venturo - Titanium Gray
Bags,Briefcases,99MO078001,Urbana Mini - Black
Bags,Briefcases,99MO078002,Urbana - Slate Black
Bags,Briefcases,99MO078031,Urbana - Gray
Bags,Briefcases,99MO078501,Urbana Mini - Blue
Bags,Briefcases,99MO078511,Urbana - Blue
Bags,Briefcases,99MO078631,Urbana - Green
Bags,Briefcases,99MO078742,Urbana - Sandstone Beige
Bags,Messengers,99MO082001,Aerio - Charcoal Black
Bags,Messengers,99MO082051,Aerio - Herringbone Gray
Bags,Messengers,99MO082501,Aerio Lite - Blue
Bags,Messengers,99MO082701,Aerio - Titanium Gray
Bags,Messengers,99MO082731,Aerio Lite - Brown
Bags,Backpacks,99MO087001,Helios - Charcoal Black
Bags,Backpacks,99MO087002,Helios Lite - Slate Black
Bags,Backpacks,99MO087004,Helios Mini - Jet Black
Bags,Backpacks,99MO087011,Helios Mini - Pebble Gray
Bags,Backpacks,99MO087052,Helios Lite - Herringbone Gray
Bags,Backpacks,99MO087501,Helios Lite - Sky Blue
Bags,Backpacks,99MO087521,Helios Mini - Emerald Green
Bags,Backpacks,99MO087531,Helios Lite - Bahama Blue
Bags,Backpacks,99MO087601,Helios Mini - Olive Green
Bags,Backpacks,99MO087701,Helios Lite - Titanium Gray
Bags,Laptops Bag,99MO093001,Codex 13 (Thunderbolt 3/USB-C) - Onyx Black
Bags,Laptops Bag,99MO093002,Codex 15/16 (Thunderbolt 3/USB-C) - Onyx Black
Bags,Laptops Bag,99MO093321,Codex 13 (Thunderbolt 3/USB-C) - Burgundy Red
Bags,Laptops Bag,99MO093322,Codex 15/16 (Thunderbolt 3/USB-C) - Burgundy Red
Bags,Backpacks,99MO094001,Arcus - Charcoal Black
Bags,Backpacks,99MO094011,Arcus Camera Insert - Graphite Gray
Bags,Backpacks,99MO094071,Arcus - Titanium Gray
Bags,Backpacks,99MO094731,Arcus - Vintage Brown
Bags,Accessory,99MO095001,Passport Holder - Onyx Black
Bags,Accessory,99MO095002,Slim Wallet - Onyx Black
Bags,Accessory,99MO095003,Key Holder - Onyx Black
Bags,Accessory,99MO095006,ID/Badge Holder - Metro Black
Bags,Accessory,99MO095007,Altra Body Strap - black
Bags,Accessory,99MO095009,SnapTo Crossbody Wallet - Jet Black
Bags,Accessory,99MO095076,Altra Body Strap - Beige
Bags,Accessory,99MO095077,Altra Body Strap - Sahara Beige
Bags,Accessory,99MO095301,SnapTo Crossbody Wallet - Luna Pink
Bags,Accessory,99MO095321,Passport Holder - Burgundy Red
Bags,Accessory,99MO095322,Slim Wallet - Burgundy Red
Bags,Accessory,99MO095323,Key Holder - Burgundy Red
Bags,Accessory,99MO095531,Altra Body Strap - Midnight Blue
Bags,Accessory,99MO095731,Passport Holder - Oak Brown
Bags,Accessory,99MO095732,Slim Wallet - Oak Brown
Bags,Accessory,99MO095733,ID/Badge Holder - Oak Brown
Bags,Accessory,99MO095734,Folding Key Holder - Oak Brown
Bags,Accessory,99MO095735,Wristlet clutch - Vintage Brown
Bags,Accessory,99MO095741,Wristlet clutch - Olive Green
Bags,Accessory,99MO095751,ID/Badge Holder - Caramel Brown
Bags,Accessory,99MO095801,SnapTo Crossbody Wallet - Sienna Orange
Bags,Travels,99MO097001,Vacanza - Charcoal Black
Bags,Travels,99MO097071,Vacanza - Titanium Gray
Bags,Travels,99MO099041,Costa - Granite Gray
Bags,Travels,99MO099531,Costa - Bahama Blue
Bags,Briefcases,99MO100261,Lula - Savanna Beige
Bags,Briefcases,99MO100531,Lula - Bahama Blue
Bags,Briefcases,99MO100601,Lula - Olive Green
Bags,Laptops Bag,99MO104052,Pluma for MacBook Pro/Air 13 - Herringbone Gray
Bags,Accessory,99MO104054,Pluma Pouch - Herringbone Gray
Bags,Laptops Bag,99MO104055,Pluma Laptop Sleeve 15-/16-inch - Herringbone Gray
Bags,Laptops Bag,99MO104302,Pluma for MacBook Pro/Air 13 - Carnation Pink
Bags,Accessory,99MO104305,Pluma Pouch - Carnation Pink
Bags,Laptops Bag,99MO104531,Pluma for Laptops - Denim Blue
Bags,Laptops Bag,99MO104534,Pluma for MacBook Pro/Air 13 - Denim Blue
Bags,Accessory,99MO104535,Pluma Pouch - Denim Blue
Bags,Totes,99MO108001,Aria - Slate Black
Bags,Totes,99MO108011,Aria - Ceramic Gray
Bags,Totes,99MO108012,Aria - Mountain Grey
Bags,Totes,99MO108532,Aria - Bahama Blue
Bags,Totes,99MO108741,Aria - Olive Green
Bags,Totes,99MO108811,Aria - Amber Orange
Bags,Totes,99MO109001,Verana - Slate Black
Bags,Backpacks,99MO110001,Tego Backpack - Charcoal Black
Bags,Slingpacks,99MO110002,Tego Crossbody Sling - Charcoal Black
Bags,Messengers,99MO110004,Tego Sling Messenger - Charcoal Black
Bags,Slingpacks,99MO110071,Tego Crossbody Sling - Galaxy Black
Bags,Slingpacks,99MO110072,Tego Slingpack - Galaxy Black
Bags,Backpacks,99MO110261,Tego Backpack - Stone Gray
Bags,Slingpacks,99MO110262,Tego Crossbody Sling - Stone Gray
Bags,Slingpacks,99MO110263,Tego Slingpack - Stone Gray
Bags,Messengers,99MO110264,Tego Sling Messenger - Stone Gray
Bags,Slingpacks,99MO110601,Tego Slingpack - Olive Green
Bags,Messengers,99MO110731,Tego Sling Messenger - Vintage Brown
Bags,Backpacks,99MO112001,Hexa - Midnight Black
Bags,Backpacks,99MO112601,Hexa - Forest Green
Bags,Backpacks,99MO112711,Hexa - Khaki Brown
Bags,Briefcases,99MO118001,Treya - Jet Black
Bags,Briefcases,99MO118002,Treya Lite - Jet Black
Bags,Accessory,99MO118003,Treya Briefcase - Jet Black
Bags,Accessory,99MO118004,Treya Shoulder Strap - Jet Black
Bags,Accessory,99MO118012,Treya Shoulder Strap - Falcon Gray
Bags,Accessory,99MO118321,Treya Clutch - Burgundy Red
Bags,Accessory,99MO118322,Treya Shoulder Strap - Burgundy Red
Bags,Accessory,99MO118721,Treya Clutch - Canary Yellow
Bags,Accessory,99MO118722,Treya Shoulder Strap - Canary Yellow
Bags,Accessory,99MO118731,Treya Clutch - Oak Brown
Bags,Briefcases,99MO118751,Treya Lite - Caramel Brown
Bags,Accessory,99MO118752,Treya Briefcase - Caramel Brown
Bags,Accessory,99MO118753,Treya Shoulder Strap - Caramel Brown
Bags,Accessory,99MO118811,Treya Clutch - Vermillion Orange
Bags,Accessory,99MO118812,Treya Shoulder Strap - Vermillion Orange
Bags,Messengers,99MO119001,Carta - Herringbone Black
Bags,Messengers,99MO119002,Carta Water Bottle Holder - Herringbone Black
Bags,Messengers,99MO119731,Carta - Vintage Brown
Bags,Messengers,99MO119732,Carta Water Bottle Holder - Vintage Brown
Bags,Messengers,99MO120541,Captus - Denim Blue
Bags,Messengers,99MO120741,Captus - Sandstone Beige
Bags,Slingpacks,99MO125001,Aro - Midnight Black
Bags,Slingpacks,99MO125002,Aro Mini - Midnight Black
Bags,Slingpacks,99MO125750,Aro - Caramel Brown
Bags,Slingpacks,99MO125751,Aro Mini - Caramel Brown
Bags,Backpacks,99MO130001,Muto - Slate Gray
Bags,Backpacks,99MO130301,Muto - Coastal Beige
Bags,Accessory,99MO095324,ID/Badge Holder - Burgundy Red
Bags,Accessory,99MO100002,Vegan Leather Strap - Classic Black
Bags,Accessory,99MO118011,Treya Clutch - Falcon Gray
Bags,Accessory,99MO118732,Treya Shoulder Strap - Oak Brown
Bags,Backpacks,99MO087731,Helios - Cocoa Brown
Bags,Backpacks,99MO094074,Arcus Camera Insert - Beige
Bags,Briefcases,99MO100001,Lula - Slate Black
Bags,Briefcases,99MO100302,Lula - Macaron Pink
Bags,Computer Bag,99MO034004,Muse 13 - Graphite Black
Bags,Laptops Bag,99MO010009,Codex 12 - Onyx Black
Bags,Laptops Bag,99MO010007,Codex 13 R - Black
Bags,Slingpacks,99MO110003,Tego Slingpack - Charcoal Black
Bags,Tablet Bag,99MO034012,Muse for iPad - Gray
Bags,Travels,99MO099741,Costa - Sandstone Beige
Bags,Travels,99MO099001,Costa - Slate Black
Bags,Tablet Bag,99MO073741,VersaPouch Mini - Gray
Bags,Totes,99MO109812,Verana - Amber Orange
Bags,Briefcases,99MO100301,Lula - Coral Pink
Bags,Accessory,99MO100003,Vegan Leather Chain Strap - Classic Black
Bags,Accessory,99MO100732,Vegan Leather Chain Strap - Walnut Brown
Bags,Smart Phone Bag,99MO001005,iPouch - Black
Bags,Smart Phone Bag,99MO001421,iPouch - Purple
Bags,Accessory,99MO118754,Treya Briefcase (Microsoft) - Caramel Brown
Bags,Accessory,99MO118005,Treya Briefcase (Microsoft) - Jet Black
Bags,Backpacks,99MO112712,Hexa (Microsoft) - Khaki Brown
Bags,Backpacks,99MO110005,Tego Backpack (Microsoft) - Charcoal Black
Bags,Backpacks,99MO110265,Tego Backpack (Microsoft) - Stone Gray
Bags,Travels,99MO099002,Costa(Microsoft) - Slate Black
Bags,Accessory,99MO104304,Pluma Pouch - Macaron Pink
Bags,Backpacks,99MO112002,Hexa (Microsoft) - Midnight Black
Bags,Totes,99MO108002,Aria (Microsoft) - Slate Black
Bags,Totes,99MO108013,Aria (Microsoft) - Ceramic Gray
Bags,Accessory,99MO100731,Vegan Leather Strap - Walnut Brown
Bags,Briefcases,99MO078532,Urbana Navi - Herringbone Blue
Bags,Briefcases,99MO078032,Urbana Navi - Herringbone Gray
Bags,Briefcases,99MO078533,Urbana Lite - Herringbone Blue
Bags,Briefcases,99MO078633,Urbana Lite - Herringbone Green
Bags,Accessory,99MO095004,ID/Badge Holder - Onyx Black
Bags,Briefcases,99MO078632,Urbana Navi - Herringbone Green
Bags,Briefcases,99MO078033,Urbana Lite - Herringbone Gray
Bags,Computer Bag,99MO034011,Muse 13 - Gray
Bags,Laptops Bag,99MO010241,Codex Air 13 - Titanium
Bags,Laptops Bag,99MO010004,Codex 13 - Black
Bags,Tablet Bag,99MO034714,Muse 12 - Beige
Bags,Backpacks,99MO112602,Hexa (Microsoft) - Forest Green
Bags,Backpacks,99MO087003,Helios Lite (Microsoft) - Slate Black
Bags,Totes,99MO108533,Aria (Microsoft ) - Bahama Blue
Bags,Laptops Bag,99MO010003,Codex Air 13 - Black
Bags,Laptops Bag,99MO010008,Codex 15 R - Black
Bags,Accessory,99MO095010,SnapTo? Slim Wallet - Jet Black
Bags,Accessory,99MO095302,SnapTo? Slim Wallet - Luna Pink
Bags,Accessory,99MO095752,SnapTo? Slim Wallet - Caramel Brown
Bags,Briefcases,99MO078301,Urbana Mini - Sakura Pink
Bags,Briefcases,99MO078303,Urbana Mini - Coral Pink
Bags,Tablet Bag,99MO034412,Muse for iPad - Purple
Bags,Accessory,99MO095013,Adjustable Body Strap - Camo Black
Bags,Accessory,99MO095601,Adjustable Body Strap - Camo Green
Bags,Accessory,99MO095712,Adjustable Body Strap - Camo Beige
Bags,Backpacks,99MO087051,Helios - Herringbone Gray
Bags,Briefcases,99MO078302,Urbana - Coral Pink
Bags,Briefcases,99MO078531,Urbana - Bahama Blue
Bags,Briefcases,99MO078722,Urbana Mini - Tuscan Yellow
Bags,Laptops Bag,99MO010242,Codex 13 R - Titanium
Bags,Slingpacks,99MO125602,Aro Mini - Forest Green
Bags,Slingpacks,99MO125601,Aro - Forest Green
Bags,Smart Phone Bag,99MO001405,iPouch SP - Pink
Bags,Accessory,99MO095012,Key Ring - Slate Black
Bags,Accessory,99MO095532,Key Ring - Bahama Blue
Bags,Accessory,99MO095711,Key Ring - Sandstone Beige
Bags,Computer Bag,99MO034008,Muse 13" - Jet Black
Bags,Computer Bag,99MO034751,Muse 13" - Caramel Brown
Bags,Computer Bag,99MO034101,Muse 13" - Seashell White
Bags,Laptops Bag,99MO010001,Codex Air 11 - Black
Bags,Accessory,99MO095014,Dual-sided ID Badge Holder - Jet Black
Bags,Accessory,99MO095753,Dual-sided ID Badge Holder - Caramel Brown
Bags,Accessory,99MO095015,AirTag Key Ring - Jet Black
Bags,Accessory,99MO095754,AirTag Key Ring - Caramel Brown
Bags,Totes,99MO108812,Aria (Microsoft) - Amber Orange
Bags,Accessory,99MO095943,Adjustable Body Strap - Rainbow
Bags,Accessory,99MO095941,Key Ring - Rainbow
Bags,Backpacks,99MO131001,Vespo - Eclipse Black
Bags,Backpacks,99MO131261,Vespo - Ash Gray
Bags,Accessory,99MO118756,Treya Clutch - Sandy Brown
Bags,Accessory,99MO118013,Treya Clutch - Mountain Grey
Bags,Accessory,99MO118102,Treya shoulder strap - Seashell White
Bags,Accessory,99MO118757,Treya shoulder strap - Sandy Brown
Bags,Accessory,99MO095101,SnapTo Crossbody Wallet - Seashell White
Bags,Accessory,99MO095755,SnapTo Crossbody Wallet - Caramel Brown
Bags,Accessory,99MO095016,Crossbody Phone Holster - Jet Black
Bags,Accessory,99MO095303,Altra Body Strap  - Rose Pink
Bags,Accessory,99MO095942,Adjustable Vegan Leather Body Strap - Rainbow
Batteries and Power,Chargers,99MO022006,Car Charger Duo with Lightning cable - Black
Batteries and Power,Chargers,99MO022007,Car Charger Duo - Black
Batteries and Power,Portable Batteries,99MO022015,IonGo 5K with USB-A to Lightning Cable - White
Batteries and Power,Portable Batteries,99MO022019,IonGo 5K with USB-A to Lightning Cable - Blue
Batteries and Power,Portable Batteries,99MO022024,IonGo 5K Duo with USB-C to Lightning Cable - Gray
Batteries and Power,Chargers,99MO022071,USB-C Car Charger - Black
Batteries and Power,Chargers,99MO022072,QuikDuo? Car Charger - Black
Batteries and Power,Chargers,99MO022110,Rewind 2 (Taiwan version) - White
Batteries and Power,Chargers,99MO022111,Rewind 2 (US version) - White
Batteries and Power,Chargers,99MO022114,ProGeo 4-Port USB Wall Charger (35 W)-US - White
Batteries and Power,Chargers,99MO022115,Rewind C (30W)-US - White
Batteries and Power,Chargers,99MO022116,ProGeo USB-C Wall Charger with USB Port (42W) -US - White
Batteries and Power,Chargers,99MO022117,ProGeo USB-C Wall Charger with USB Port (42W) -EU - white
Batteries and Power,Chargers,99MO022119,ProGeo USB-C Wall Charger with USB Port (42W) -CN - white
Batteries and Power,Portable Batteries,99MO022122,IonBank 3K with Lightning/USB cable - Burgundy Red
Batteries and Power,Portable Batteries,99MO022123,IonBank 5K with Lightning/USB Cable - Gray
Batteries and Power,Portable Batteries,99MO022124,IonBank 10K with Lightning/USB Cable - Gray
Batteries and Power,Portable Batteries,99MO022126,IonBank 10K with Lightning/USB Cable - Bronze
Batteries and Power,Portable Batteries,99MO022128,IonBank 3K with Lightning/USB cable - Onyx Black
Batteries and Power,Portable Batteries,99MO022144,IonSlim 5K - Gray
Batteries and Power,Portable Batteries,99MO022145,IonSlim 10K - Gray
Batteries and Power,Chargers,99MO022146,ProGeo USB-C Laptop Charger (65W)-US - White
Batteries and Power,Chargers,99MO022147,ProGeo USB-C Laptop Charger (65W)-EU - White
Batteries and Power,Chargers,99MO022151,ProGeo 4-Port USB Wall Charger (35 W)-EU - white
Batteries and Power,Chargers,99MO022154,ProGeo Adapter Pack - White
Batteries and Power,Chargers,99MO022156,World Travel Adapter with USB-C and USB-A Ports - White
Batteries and Power,Wireless Chargers,99MO022162,Porto Q 5K EPP
Batteries and Power,Chargers,99MO022171,Qubit USB-C Charger (18 W)
Batteries and Power,Wireless Chargers,99MO022211,Otto Q - Nordic Gray
Batteries and Power,Wireless Chargers,99MO022213,Porto Q 5K - Gray
Batteries and Power,Wireless Chargers,99MO022218,Lounge Q - Nordic Gray
Batteries and Power,Wireless Chargers,99MO022219,Otto Q (EPP) - Nordic Gray
Batteries and Power,Battery Case,99MO098001,IonSuit for iPhone 8/7 - Black
Batteries and Power,Accessory,99MO122001,SnapTo? Wall Mount - Stone Gray
Batteries and Power,Car Accessories,99MO122002,SnapTo? Car Mount with Wireless Charging - Black
Batteries and Power,Car Accessories,99MO122003,SnapTo? Car Mount - Gray
Batteries and Power,Accessory,99MO122004,SnapTo? Transformer - Black
Batteries and Power,Accessory,99MO122005,SnapTo? Tabs - Gray
Batteries and Power,Car Accessories,99MO122007,SnapTo? Universal Car Mount with Wireless Charging - Black
Batteries and Power,Car Accessories,99MO122011,SnapTo? Wireless Charger - Gray
Batteries and Power,Car Accessories,99MO122012,SnapTo? Universal Car Mount - Gray
Batteries and Power,Chargers,99MO022153,ProGeo 4-Port USB Wall Charger (35 W)-CN - white
Batteries and Power,Car Accessories,99MO122008,SnapTo Universal Car Stand
Batteries and Power,Chargers,99MO022107,Rewind -no cable (US version) - White
Batteries and Power,Wireless Chargers,99MO022271,Fast Wireless Charging Bundle Otto Q (Amazon only)
Batteries and Power,Chargers,99MO022148,ProGeo USB-C Laptop Charger (65W)-AU - White
Batteries and Power,Chargers,99MO022112,Rewind 2 (China version) - White
Batteries and Power,Chargers,99MO022120,Rewind C (30W)-CN - white
Batteries and Power,Chargers,99MO022155,ProGeo 4-Port USB Travel Charger (35 W) - White
Batteries and Power,Portable Batteries,99MO022121,IonBank 5K with Micro USB Connector - White
Batteries and Power,Portable Batteries,99MO022012,IonBank 5K Jason Wu - Grey
Batteries and Power,Chargers,99MO022130,Wall Charging Kit (US) - White
Batteries and Power,Chargers,99MO022129,Wall Charging Kit (TW) - White
Batteries and Power,Chargers,99MO022149,ProGeo USB-C Laptop Charger (65W)-CN - White
Batteries and Power,Chargers,99MO022152,ProGeo 4-Port USB Wall Charger (35 W)-AU - white
Batteries and Power,Portable Batteries,99MO022125,New IonBank 5K with Lightning/USB Cable - Bronze
Batteries and Power,Portable Batteries,99MO022106,IonBank 5K with Lightning Connector - White
Batteries and Power,Portable Batteries,99MO022303,IonGo 5K Duo with USB-C to Lightning Cable - Pink
Batteries and Power,Wireless Chargers,99MO022272,Sette Q - with power adapter
Batteries and Power,Wireless Chargers,99MO022273,Sette Q - without power adapter
Batteries and Power,Wireless Chargers,99MO022201,Flekto
Batteries and Power,Portable Batteries,99R1022122,IonBank 3K (R1)with Lightning/USB cable - Burgundy Red
Batteries and Power,Chargers,99MO022173,Qubit USB-C Charger (20W)
Cables and Adapters,Audio Connector,99MO023002,Mini-Stereo Audio Cable - 6 ft (1.8M) - Black
Cables and Adapters,Audio Connector,99MO023005,3.5 mm Audio Jack Splitter - Black
Cables and Adapters,Lightning Connector,99MO023006,USB Cable with Lightning? Connector (1M) - Black
Cables and Adapters,Connector,99MO023008,USB to Micro USB Cable 1 m - Black
Cables and Adapters,Lightning Connector,99MO023043,Lightning to USB Cable with 90-degree connector Black - Black
Cables and Adapters,Lightning Connector,99MO023044,Integra? Lightning to USB-A Charge/Sync Cable (1.2M) - Titanium Gray
Cables and Adapters,Lightning Connector,99MO023045,Integra? Lightning to USB-A Charge/Sync Cable (0.25M) - Titanium Gray
Cables and Adapters,Lightning Connector,99MO023046,USB Cable with Lightning Connector (3M) - Black
Cables and Adapters,Lightning Connector,99MO023047,3-in-1 Universal Charging cable - Black
Cables and Adapters,Connector,99MO023101,USB Cable with 30pin connector - 3 ft (0.9M) - White
Cables and Adapters,Lightning Connector,99MO023104,Integra? Lightning to USB-A Charge/Sync Cable (1.2M) - Jet Silver
Cables and Adapters,Audio Connector,99MO023114,3.5mm to RCA Stereo Cable-6 ft (1.8M) - White
Cables and Adapters,Lightning Connector,99MO023118,USB Cable with Lightning Connector (3M) - White
Cables and Adapters,Lightning Connector,99MO023119,USB Cable with Lightning? Connector (1M) - White
Cables and Adapters,Lightning Connector,99MO023124,Xync (Lightning) - White
Cables and Adapters,Connector,99MO023125,Active USB 3.0 Extension Cable - 10 ft (3M) - White
Cables and Adapters,Display Connector,99MO023126,High Speed HDMI Cable 6.6ft (2M) - White
Cables and Adapters,Display Connector,99MO023127,Mini Displayport to HDMI cable (2M) - White
Cables and Adapters,Lightning Connector,99MO023128,Lightning to USB Cable with 90-degree connector White - White
Cables and Adapters,Connector,99MO023129,Gigabit Ethernet Cat 6 Cable (2017) - White
Cables and Adapters,Audio Connector,99MO023131,Integra? Headphone Jack Adapter - Silver
Cables and Adapters,Audio Connector,99MO023134,Integra? Aux Cable with Lightning Connector 4 ft (1.2 m) - Gray
Cables and Adapters,Display Connector,99MO023201,Mini DisplayPort to VGA Adapter - Silver
Cables and Adapters,Connector,99MO023204,USB to Ethernet Adapter - Silver
Cables and Adapters,Display Connector,99MO023207,HDMI to VGA Adapter with Audio - Sliver
Cables and Adapters,Display Connector,99MO023208,Mini DisplayPort to HDMI Adapter (4K) - Silver
Cables and Adapters,Connector,99MO023209,USB 3.0 to Gigabit Ethernet Adapter
Cables and Adapters,Lightning Connector,99MO023221,USB Cable with Lightning? Connector (1M) - Gold
Cables and Adapters,Lightning Connector,99MO023223,Integra? Lightning to USB-A Charge/Sync Cable (1.2M) - Gold
Cables and Adapters,Display Connector,99MO023241,Mini DisplayPort to HDMI Adapter Pro 4K@60 - Silver
Cables and Adapters,Lightning Connector,99MO023251,USB Cable with Lightning? Connector (1M) - Golden Rose
Cables and Adapters,Lightning Connector,99MO023253,Integra? Lightning to USB-A Charge/Sync Cable (1.2M) - Golden Rose
Cables and Adapters,Lightning Connector,99MO023321,Integra? Lightning to USB-A Charge/Sync Cable (1.2M) - Crimson Red
Cables and Adapters,Display Connector,99MO041104,Mini DisplayPort to DisplayPort Cable 1.5M 4K@60 - White
Cables and Adapters,Type C Connector,99MO084001,USB-C to Micro-B Cable - Black
Cables and Adapters,Type C Connector,99MO084002,USB-C to USB Cable - Black
Cables and Adapters,Lightning Connector,99MO084003,USB-C Cable with Lightning connector 3M - Black
Cables and Adapters,Audio Connector,99MO084004,Aux to USB-C Cable  4 ft (1.2 m) - Black
Cables and Adapters,Type C Connector,99MO084031,USB-C Monitor Cable - Gray/Gold
Cables and Adapters,Lightning Connector,99MO084041,Integra USB-C charge/sync cable with Lightning connector 1.2M - Gray
Cables and Adapters,Lightning Connector,99MO084043,Integra USB-C charge/sync cable with Lightning connector 0.25M - Gray
Cables and Adapters,Type C Connector,99MO084044,Integra? USB-C to USB-A Charge Cable (0.25M) - Titanium Gray
Cables and Adapters,Lightning Connector,99MO084045,Integra USB-C Charge/Sync Cable with Lightning connector 90-degree 1.5M - Gray
Cables and Adapters,Type C Connector,99MO084100,USB-C Charge Cable (2m) - White
Cables and Adapters,Type C Connector,99MO084101,USB-C to USB Cable - White
Cables and Adapters,Type C Connector,99MO084102,USB-C to DisplayPort Cable - White
Cables and Adapters,Type C Connector,99MO084103,USB-C to HDMI Cable - White
Cables and Adapters,Lightning Connector,99MO084105,Integra USB-C charge/sync cable with Lightning connector 1.2M - Silver
Cables and Adapters,Type C Connector,99MO084200,USB-C to USB Adapter - Silver
Cables and Adapters,Type C Connector,99MO084201,USB-C to VGA Adapter - Silver
Cables and Adapters,Type C Connector,99MO084202,USB-C to HDMI Adapter - Silver
Cables and Adapters,Type C Connector,99MO084203,USB-C to Gigabit Ethernet Adapter - Sliver
Cables and Adapters,Type C Connector,99MO084204,USB-C Multiport Adapter - Silver
Cables and Adapters,Hub,99MO084205,Symbus (US) - Silver
Cables and Adapters,Type C Connector,99MO084207,USB-C Multiport Adapter - Golden Rose
Cables and Adapters,Type C Connector,99MO084211,Integra? USB-C to USB-A Charge/Sync Cable - Titanium Gray
Cables and Adapters,Type C Connector,99MO084212,Integra? USB-C to USB-C Charge/Sync Cable - Titanium Gray
Cables and Adapters,Hub,99MO084213,USB-C Multimedia Adapter - Titanium Gray
Cables and Adapters,Type C Connector,99MO084214,USB-C to Dual USB-A Adapter - Titanium Gray
Cables and Adapters,Hub,99MO084216,Symbus Q (EU/UK) - Nordic Gray
Cables and Adapters,Hub,99MO084218,Symbus Q (US) - Nordic Gray
Cables and Adapters,Type C Connector,99MO084241,USB-C Digital Audio Adapter - Silver
Cables and Adapters,Type C Connector,99MO084244,Integra? USB-C Charge Cable (1m) - Jet Silver
Cables and Adapters,Type C Connector,99MO084245,Integra? USB-C Charge Cable with Smart LED - Jet Silver
Cables and Adapters,Type C Connector,99MO084249,USB-C Digital Audio Adapter with Charging (Universal) - Silver
Cables and Adapters,Type C Connector,99MO084272,USB-C to HDMI Adapter with Charging - Titanium Gray
Cables and Adapters,Type C Connector,99MO084206,USB-C Multiport Adapter - Satin Gold
Cables and Adapters,Hub,99MO084209,Symbus (EU/UK) - Silver
Cables and Adapters,Connector,99MO023051,Xync (Micro USB) - Black
Cables and Adapters,Type C Connector,99MO084246,USB-C Digital Audio Adapter with Charging (MFG) - Silver
Cables and Adapters,Connector,99MO023901,FireWire 800 to 400 adapter - White
Cables and Adapters,Connector,99MO023103,Firewire 800 cable - 6 ft (1.8M) - White
Cables and Adapters,Hub,99MO084219,USB-C Multimedia Adapter (Microsoft) - Titanium Gray
Cables and Adapters,Type C Connector,99MO084281,Integra? USB-C Charge Cable with Smart LED (Microsoft) - Jet Silver
Cables and Adapters,Connector,99MO023107,Gigabit Ethernet Cat 6 Cable - 12 ft (3.6 M) - White
Cables and Adapters,Hub,99MO084271,Symbus Q (Microsoft) - Nordic Gray
Cables and Adapters,Hub,99MO084275,Symbus Mini - Titanium Gray
Cables and Adapters,Type C Connector,99MO084248,USB-C to Gigabit Ethernet Adapter (Microsoft) - Sliver
Cables and Adapters,Type C Connector,99MO084247,USB-C to HDMI Adapter (Microsoft) - Silver
Cables and Adapters,Type C Connector,99MO084104,USB-C to DisplayPort Cable (Microsoft) - White
Cables and Adapters,Audio Connector,99MO023042,3.5mm Headphone Adapter - Black
Cables and Adapters,Connector,99MO023108,Toslink - 6 ft (1.8M) - Silver
Cables and Adapters,Connector,99MO023009,USB to Micro USB Cable 3 m - Black
Cables and Adapters,Connector,99MO023041,USB 3.0 Cable Type A to Micro-B Cable 5ft (1.5M) - Black
Cables and Adapters,Connector,99MO023123,Thunderbolt Cable - 6.6 ft (2M) - White
Cables and Adapters,Display Connector,99MO023121,Ultra-thin Active HDMI Cable - 23 ft (7M) - White
Cables and Adapters,Type C Connector,99MO084242,USB-C Digital Audio Adapter with Charging - Silver
Cables and Adapters,Display Connector,99MO041101,Mini Displayport Cable - White
Care,Care,99MO033002,TeraGlove Cleaning Kit - Black
Care,Care,99MO126001,OmniGuard Mask (L) - Black
Care,Care,99MO126002,OmniGuard Mask (M) - Black
Care,Care,99MO126003,OmniGuard Mask (S) - Black
Care,Care,99MO126011,OmniGuard Mask (L) - Gray
Care,Care,99MO126012,OmniGuard Mask (M) - Gray
Care,Care,99MO126013,OmniGuard Mask (S) - Gray
Care,Care,99MO126101,Nanohedron? filters pack (L/M) - White
Care,Care,99MO126102,Nanohedron? filters pack (S) - White
Care,Care,99MO129031,Deep Purple UV Sanitizer
Care,Care,99MO126103,Nanohedron filters pack (Kids) - White
Care,Care,99MO126501,OmniGuard Kids Mask  - Blue
Care,Care,99MO126301,OmniGuard Kids Mask  - Pink
Cases,Tablet Case,99MO039911,iGlaze for iPad Pro (12.9-inch)(2nd Gen.)
Cases,Smart Phone Case,99MO052004,Overture for iPhone 6 Plus - Black
Cases,Smart Phone Case,99MO052101,Overture for iPhone 6 - Beige
Cases,Smart Phone Case,99MO052241,Overture for iPhone 6 - Titanium
Cases,Smart Phone Case,99MO052242,Overture for iPhone 6 Plus - Titanium
Cases,Tablet Case,99MO056004,VersaCover for iPad (5th/6th Gen.) - Black
Cases,Tablet Case,99MO056006,VersaCover for iPad Pro/Air (10.5-inch) - Black
Cases,Tablet Case,99MO056007,VersaCover for iPad Pro 12.9-inch (3rd Gen) - Black
Cases,Tablet Case,99MO056008,VersaCover for iPad Pro 11 -inch - Black
Cases,Tablet Case,99MO056010,VersaCover for iPad Pro 12.9-inch (3rd/4th Gen) - Charcoal Black
Cases,Tablet Case,99MO056011,VersaCover for iPad Pro 11-inch - Gray
Cases,Tablet Case,99MO056012,VersaCover for iPad (5th/6th Gen.) - Gray
Cases,Tablet Case,99MO056013,VersaCover for iPad Pro/Air (10.5-inch) - Gray
Cases,Tablet Case,99MO056081,"VersaCover for iPad (10.2-inch, 8th/7th gen) - Black"
Cases,Tablet Case,99MO056082,VersaCover for iPad Pro 11?inch (1st/2nd Gen) - Charcoal Black
Cases,Tablet Case,99MO056261,"VersaCover for iPad (10.2-inch, 8th/7th gen) - Gray"
Cases,Tablet Case,99MO056262,VersaCover for iPad Pro 11?inch (1st/2nd Gen) - Savanna Beige
Cases,Tablet Case,99MO056302,VersaCover for iPad (5th/6th Gen.) - Pink
Cases,Tablet Case,99MO056303,VersaCover for iPad Pro/Air (10.5-inch) - Pink
Cases,Tablet Case,99MO056306,"VersaCover for iPad (10.2-inch, 8th/7th gen) - Pink"
Cases,Tablet Case,99MO056811,VersaCover for iPad Pro 11?inch (1st/2nd Gen) - Sienna Orange
Cases,Tablet Case,99MO056907,VersaCover for iPad Air 2 - Black
Cases,Tablet Case,99MO057041,Concerti for iPad Air - Metro black
Cases,Smart Phone Case,99MO061101,iGlaze 5 - White
Cases,Smart Phone Case,99MO061211,iGlaze Armour for iPhone SE - Gunmetal Gray
Cases,Smart Phone Case,99MO061301,iGlaze 5 - Pink
Cases,Tablet Case,99MO064001,VersaCover for iPad Mini 4 - Black
Cases,Tablet Case,99MO064002,VersaCover for iPad mini 5 - Black
Cases,Tablet Case,99MO064011,VersaCover for iPad mini 5 - Gray
Cases,Tablet Case,99MO064304,VersaCover for iPad mini 5 - Pink
Cases,Tablet Case,99MO066041,Concerti for iPad mini with Retina - Black
Cases,Laptop Case,99MO071004,iGlaze Pro 13 R (V2) - Black
Cases,Laptop Case,99MO071005,iGlaze Pro 13 (Thunderbolt 3/USB-C) - Black
Cases,Laptop Case,99MO071006,iGlaze Pro 15 (Thunderbolt 3/USB-C) - Black
Cases,Laptop Case,99MO071007,iGlaze for MacBook Air 13 (Thunderbolt 3/USB-C) - Black
Cases,Laptop Case,99MO071231,iGlaze Pro 13 R ( V2) - Gold
Cases,Laptop Case,99MO071301,iGlaze Pro 13 R - Pink
Cases,Laptop Case,99MO071302,iGlaze Pro 13 (Thunderbolt 3/USB-C) - Pink
Cases,Laptop Case,99MO071611,iGlaze Pro 13 R - Green
Cases,Laptop Case,99MO071902,iGlaze Air 13 (2010-2017) - Clear
Cases,Laptop Case,99MO071905,iGlaze 12 - Clear
Cases,Laptop Case,99MO071907,iGlaze Pro 13 (Thunderbolt 3/USB-C) - Clear
Cases,Laptop Case,99MO071908,iGlaze Pro 15 (Thunderbolt 3/USB-C) - Clear
Cases,Laptop Case,99MO071909,iGlaze for MacBook Air 13 (Thunderbolt 3/USB-C) - Clear
Cases,Smart Phone Case,99MO072001,SenseCover for iPhone SE/5s/5 - Black
Cases,Smart Phone Case,99MO072009,SenseCover for iPhone 8 Plus/7 Plus - Steel Black
Cases,Smart Phone Case,99MO072010,SenseCover for iPhone XS/X - Black
Cases,Smart Phone Case,99MO072103,SenseCover for iPhone 8/7 - Sahara Beige
Cases,Smart Phone Case,99MO072104,SenseCover for iPhone 8 Plus/7 Plus - Sahara Beige
Cases,Smart Phone Case,99MO072111,SenseCover for iPhone XR - White
Cases,Smart Phone Case,99MO072112,SenseCover for iPhone XS Max - White
Cases,Smart Phone Case,99MO072307,SenseCover for iPhone 8/7 - Rose Pink
Cases,Smart Phone Case,99MO072308,SenseCover for iPhone 8 Plus/7 Plus - Rose Pink
Cases,Smart Phone Case,99MO072309,SenseCover for iPhone XS/X - Pink
Cases,Smart Phone Case,99MO072531,SenseCover for iPhone XR - Blue
Cases,Smart Phone Case,99MO072532,SenseCover for iPhone XS Max - Blue
Cases,Smart Phone Case,99MO072731,SenseCover for iPhone XS/X - Brown
Cases,Smart Phone Case,99MO079102,iGlaze for iPhone 6 - White
Cases,Smart Phone Case,99MO079104,iGlaze Napa for iPhone 6 - Beige
Cases,Smart Phone Case,99MO079251,iGlaze Armour iPhone 6 - Gold
Cases,Smart Phone Case,99MO080021,iGlaze Armour iPhone 6 Plus - Gray
Cases,Smart Phone Case,99MO080101,iGlaze Kameleon iPhone 6 Plus - White
Cases,Smart Phone Case,99MO080201,iGlaze Armour iPhone 6 Plus - Silver
Cases,Smart Phone Case,99MO080301,iGlaze for iPhone 6 Plus - Pink
Cases,Smart Phone Case,99MO080302,iGlaze Luxe for iPhone 6 Plus - Rose Pink
Cases,Smart Phone Case,99MO080501,iGlaze for iPhone 6 Plus - Blue
Cases,Smart Phone Case,99MO080521,iGlaze Napa for iPhone 6 Plus - Blue
Cases,Smart Phone Case,99MO080731,iGlaze for iPhone 6 Plus - Tartan Walnut
Cases,Smart Phone Case,99MO080901,iGlaze for iPhone 6 Plus - XT
Cases,Tablet Case,99MO083001,MetaCover for iPad Air 2 - Black
Cases,Tablet Case,99MO083002,MetaCover for iPad Pro (9.7-inch) - Black
Cases,Tablet Case,99MO083102,Magnet Mount for iPad - White
Cases,Smart Phone Case,99MO086007,Car Vent Mount - Black
Cases,Smart Phone Case,99MO086008,Endura for iPhone SE 2/8/7 - Black
Cases,Smart Phone Case,99MO086041,Talos for iPhone XS/X - Black
Cases,Smart Phone Case,99MO088003,Napa for iPhone 8/7 - Charcoal Black
Cases,Smart Phone Case,99MO088004,Armour for iPhone 7 - Onyx Black
Cases,Smart Phone Case,99MO088008,Armour for iPhone 7 - Jet Black
Cases,Smart Phone Case,99MO088011,Vesta for iPhone SE 2/8/7 - Herringbone Gray
Cases,Smart Phone Case,99MO088021,Armour for iPhone 7 - Gunmetal Gray
Cases,Smart Phone Case,99MO088061,XT Black for iPhone SE 2/8/7 - Black
Cases,Smart Phone Case,99MO088101,iGlaze for iPhone SE 2/8/7 - Pearl White
Cases,Smart Phone Case,99MO088102,iGlaze for iPhone SE 2/8/7 (SnapTo) - Pearl White
Cases,Smart Phone Case,99MO088202,Luxe for iPhone SE 2/8/7 - Black
Cases,Smart Phone Case,99MO088204,iGlaze for  iPhone SE 2/8/7 (SnapTo) - Armour Black
Cases,Smart Phone Case,99MO088231,Armour for iPhone 7 - Satin Gold
Cases,Smart Phone Case,99MO088251,Armour for iPhone 7 - Golden Rose
Cases,Smart Phone Case,99MO088301,iGlaze for iPhone 8/7 - Blush Pink
Cases,Smart Phone Case,99MO088303,Luxe for iPhone SE 2/8/7 - Rose Pink
Cases,Smart Phone Case,99MO088304,Vesta for iPhone SE 2/8/7 - Blossom Pink
Cases,Smart Phone Case,99MO088306,iGlaze for iPhone SE 2/8/7 (SnapTo) - Taupe Pink
Cases,Smart Phone Case,99MO088321,Armour for iPhone 7 - Red
Cases,Smart Phone Case,99MO088513,Vesta for iPhone SE 2/8/7 - Bahama Blue
Cases,Smart Phone Case,99MO088521,iGlaze for iPhone 8/7 - Powder Blue
Cases,Smart Phone Case,99MO088721,iGlaze for iPhone 8/7 - Mellow Yellow
Cases,Smart Phone Case,99MO088901,XT Clear for iPhone 7 - Clear
Cases,Smart Phone Case,99MO089001,Kameleon for iPhone 8/7 - Imperial Black
Cases,Smart Phone Case,99MO089101,Kameleon for iPhone 8/7 - Ivory White
Cases,Smart Phone Case,99MO089102,Kameleon for iPhone 8 plus/7 plus - Ivory White
Cases,Smart Phone Case,99MO090002,iGlaze for iPhone 8 Plus/7 Plus - Metro Black
Cases,Smart Phone Case,99MO090003,Napa for iPhone 8 Plus/7 Plus - Charcoal Black
Cases,Smart Phone Case,99MO090007,Armour for iPhone 7 Plus - Jet Black
Cases,Smart Phone Case,99MO090010,iGlaze for iPhone 8/7 Plus (SnapTo) - Armour Black
Cases,Smart Phone Case,99MO090011,Vesta for iPhone 8 Plus - Herringbone Gray
Cases,Smart Phone Case,99MO090021,Armour for iPhone 7 Plus - Gunmetal Gray
Cases,Smart Phone Case,99MO090061,XT Black for iPhone 8 Plus/7 Plus - Black
Cases,Smart Phone Case,99MO090101,iGlaze for iPhone 8 Plus/7 Plus - Peal White
Cases,Smart Phone Case,99MO090102,iGlaze for iPhone 8/7 Plus (SnapTo) - Pearl White
Cases,Smart Phone Case,99MO090231,Armour for iPhone 7 Plus - Satin Gold
Cases,Smart Phone Case,99MO090251,Armour for iPhone 7 Plus - Golden Rose
Cases,Smart Phone Case,99MO090301,iGlaze for iPhone 8 Plus/7 Plus - Blush Pink
Cases,Smart Phone Case,99MO090303,Napa for iPhone 8 Plus/7 Plus - Melrose Pink
Cases,Smart Phone Case,99MO090304,Vesta for iPhone 8 Plus - Blossom Pink
Cases,Smart Phone Case,99MO090305,iGlaze for iPhone 8 Plus/7 Plus - Taupe Pink
Cases,Smart Phone Case,99MO090307,iGlaze for iPhone 8/7 Plus (SnapTo) - Taupe Pink
Cases,Smart Phone Case,99MO090321,Armour for iPhone 7 Plus - Red
Cases,Smart Phone Case,99MO090512,Napa for iPhone 8 Plus/7 Plus - Marine Blue
Cases,Smart Phone Case,99MO090513,Vesta for iPhone 8 Plus - Bahama Blue
Cases,Smart Phone Case,99MO090521,iGlaze for iPhone 8 Plus/7 Plus - Powder Blue
Cases,Smart Phone Case,99MO090721,iGlaze for iPhone 8 Plus/7 Plus - Mellow Yellow
Cases,Smart Phone Case,99MO091001,Overture for iPhone 8/7 - Charcoal Black
Cases,Smart Phone Case,99MO091010,Overture for iPhone XR - Charcoal Black
Cases,Smart Phone Case,99MO091011,Overture for iPhone XS Max - Charcoal Black
Cases,Smart Phone Case,99MO091012,Overture for iPhone 11 Pro (SnapTo?) - Black
Cases,Smart Phone Case,99MO091013,Overture for iPhone 11 Pro Max  (SnapTo?) - Black
Cases,Smart Phone Case,99MO091014,Overture for iPhone 12 mini (SnapTo?) - Jet Black
Cases,Smart Phone Case,99MO091015,Overture for iPhone 12/12 Pro (SnapTo?) - Jet Black
Cases,Smart Phone Case,99MO091016,Overture for iPhone 12 Pro Max (SnapTo?) - Jet Black
Cases,Smart Phone Case,99MO091051,Overture for iPhone XR - Herringbone Gray
Cases,Smart Phone Case,99MO091052,Overture for iPhone XS Max - Herringbone Gray
Cases,Smart Phone Case,99MO091101,Overture for iPhone SE 2/8/7 - Sahara White
Cases,Smart Phone Case,99MO091102,Overture for iPhone 8 Plus/7 Plus - Sahara White
Cases,Smart Phone Case,99MO091261,Overture for iPhone XR - Savanna Beige
Cases,Smart Phone Case,99MO091262,Overture for iPhone XS Max - Savanna Beige
Cases,Smart Phone Case,99MO091301,Overture for iPhone SE 2/8/7 - Daisy Pink
Cases,Smart Phone Case,99MO091305,Overture for iPhone 11 Pro (SnapTo?) - Pink
Cases,Smart Phone Case,99MO091306,Overture for iPhone 11 Pro Max (SnapTo?) - Pink
Cases,Smart Phone Case,99MO091307,Overture for iPhone 12 mini (SnapTo?) - Pink
Cases,Smart Phone Case,99MO091308,Overture for iPhone 12/12 Pro (SnapTo?) - Pink
Cases,Smart Phone Case,99MO091309,Overture for iPhone 12 Pro Max (SnapTo?) - Pink
Cases,Accessory,99MO095007,Altra Body Strap - black
Cases,Accessory,99MO095076,Altra Body Strap - Beige
Cases,Accessory,99MO095077,Altra Body Strap - Sahara Beige
Cases,Accessory,99MO095531,Altra Body Strap - Midnight Blue
Cases,Smart Phone Case,99MO101001,iGlaze for iPhone XS/X - Black
Cases,Smart Phone Case,99MO101002,Overture for iPhone XS/X - Black
Cases,Smart Phone Case,99MO101005,iGlaze for iPhone XS/X (SnapTo) - Armour Black
Cases,Smart Phone Case,99MO101031,Vesta for iPhone XS/X - Gray
Cases,Smart Phone Case,99MO101032,Kameleon for iPhone XS/X - White
Cases,Smart Phone Case,99MO101101,iGlaze for iPhone XS/X - White
Cases,Smart Phone Case,99MO101103,iGlaze for iPhone XS/X (SnapTo) - White
Cases,Smart Phone Case,99MO101301,iGlaze for iPhone XS/X - Pink
Cases,Smart Phone Case,99MO101302,Vesta for iPhone XS/X - Pink
Cases,Smart Phone Case,99MO101303,Overture for iPhone XS/X - Pink
Cases,Smart Phone Case,99MO101306,iGlaze for iPhone XS/X (SnapTo) - Pink
Cases,Smart Phone Case,99MO101511,Vesta for iPhone XS/X - Blue
Cases,Smart Phone Case,99MO101512,Kameleon for iPhone XS/X - Blue
Cases,Smart Phone Case,99MO101751,Overture for iPhone XS/X - Brown
Cases,Smart Phone Case,99MO102021,StealthCover for iPhone XS/X - Gray
Cases,Smart Phone Case,99MO102022,StealthCover for iPhone XR - Gray
Cases,Smart Phone Case,99MO102023,StealthCover for iPhone XS Max - Gray
Cases,Smart Phone Case,99MO102301,StealthCover for iPhone XS/X - Pink
Cases,Smart Phone Case,99MO102302,StealthCover for iPhone XR - Pink
Cases,Smart Phone Case,99MO102303,StealthCover for iPhone XS Max - Pink
Cases,Smart Phone Case,99MO103031,Vitros for iPhone XS/X - Black
Cases,Smart Phone Case,99MO103033,Vitros for iPhone 8 Plus/7 Plus - Black
Cases,Smart Phone Case,99MO103034,Vitros for iPhone XR - Black
Cases,Smart Phone Case,99MO103035,Vitros for iPhone XS Max - Black
Cases,Smart Phone Case,99MO103036,Vitros for iPhone 11 Pro - Black
Cases,Smart Phone Case,99MO103037,Vitros for iPhone 11 - Black
Cases,Smart Phone Case,99MO103038,Vitros for iPhone 11 Pro Max - Black
Cases,Smart Phone Case,99MO103201,Vitros for iPhone XS/X - Silver
Cases,Smart Phone Case,99MO103202,Vitros for iPhone XR - Silver
Cases,Smart Phone Case,99MO103203,Vitros for iPhone XS Max - Silver
Cases,Smart Phone Case,99MO103204,Vitros for iPhone 11 - Silver
Cases,Smart Phone Case,99MO103251,Vitros for iPhone XS/X - Pink
Cases,Smart Phone Case,99MO103252,Vitros for iPhone SE 2/8/7 - Pink
Cases,Smart Phone Case,99MO103253,Vitros for iPhone 8 Plus/7 Plus - Pink
Cases,Smart Phone Case,99MO103301,Vitros for iPhone XR - Gold
Cases,Smart Phone Case,99MO103302,Vitros for iPhone XS Max - Gold
Cases,Smart Phone Case,99MO103303,Vitros for iPhone 11 Pro - Gold
Cases,Smart Phone Case,99MO103304,Vitros for iPhone 11 - Gold
Cases,Smart Phone Case,99MO103305,Vitros for iPhone 11 Pro Max - Gold
Cases,Smart Phone Case,99MO103321,Vitros for iPhone XS/X - Red
Cases,Smart Phone Case,99MO103901,Vitros for iPhone XS/X - Clear
Cases,Smart Phone Case,99MO103904,Vitros for iPhone XR - Clear
Cases,Smart Phone Case,99MO103905,Vitros for iPhone XS Max - Clear
Cases,Smart Phone Case,99MO103906,Vitros for iPhone 11 Pro - Clear
Cases,Smart Phone Case,99MO103907,Vitros for iPhone 11 - Clear
Cases,Smart Phone Case,99MO103908,Vitros for iPhone 11 Pro Max - Clear
Cases,Smart Phone Case,99MO111061,SuperSkin for iPhone SE 2/8/7 - Black
Cases,Smart Phone Case,99MO111062,SuperSkin for iPhone 8 Plus - Black
Cases,Smart Phone Case,99MO111063,SuperSkin for iPhone XS/X - Black
Cases,Smart Phone Case,99MO111901,SuperSkin for iPhone SE 2/8/7 - Clear
Cases,Smart Phone Case,99MO111902,SuperSkin for iPhone 8 Plus - Clear
Cases,Smart Phone Case,99MO111903,SuperSkin for iPhone XS/X - Clear
Cases,Smart Phone Case,99MO111906,SuperSkin for iPhone XR - Clear
Cases,Smart Phone Case,99MO111907,SuperSkin for iPhone XS Max - Clear
Cases,Smart Phone Case,99MO111908,Superskin for iPhone 11 Pro - Clear
Cases,Smart Phone Case,99MO111909,SuperSkin for iPhone 11 - Clear
Cases,Smart Phone Case,99MO111911,SuperSkin for iPhone 11 Pro Max - Clear
Cases,Smart Phone Case,99MO111931,SuperSkin for iPhone 11 Pro - Matte
Cases,Smart Phone Case,99MO111932,SuperSkin for iPhone 11 - Matte
Cases,Smart Phone Case,99MO111933,SuperSkin for iPhone 11 Pro Max - Matte
Cases,Smart Phone Case,99MO113001,iGlaze for iPhone XR (SnapTo?) - Black
Cases,Smart Phone Case,99MO113002,iGlaze for iPhone XS Max (SnapTo?) - Black
Cases,Smart Phone Case,99MO113003,iGlaze for iPhone 11 Pro (SnapTo?) - Black
Cases,Smart Phone Case,99MO113004,iGlaze for iPhone 11 (SnapTo?) - Black
Cases,Smart Phone Case,99MO113005,iGlaze for iPhone 11 Pro Max (SnapTo?) - Black
Cases,Smart Phone Case,99MO113101,iGlaze for iPhone XR (SnapTo?) - White
Cases,Smart Phone Case,99MO113102,iGlaze for iPhone XS Max (SnapTo?) - White
Cases,Smart Phone Case,99MO113103,iGlaze for iPhone 11 Pro (SnapTo?) - White
Cases,Smart Phone Case,99MO113104,iGlaze for iPhone 11 (SnapTo?) - White
Cases,Smart Phone Case,99MO113105,iGlaze for iPhone 11 Pro Max (SnapTo?) - White
Cases,Smart Phone Case,99MO113106,iGlaze for iPhone 12 mini - White
Cases,Smart Phone Case,99MO113107,iGlaze for iPhone 12/12 Pro - White
Cases,Smart Phone Case,99MO113108,iGlaze for iPhone 12 Pro Max - White
Cases,Smart Phone Case,99MO113301,iGlaze for iPhone XR (SnapTo?) - Pink
Cases,Smart Phone Case,99MO113302,iGlaze for iPhone XS Max (SnapTo?) - Pink
Cases,Smart Phone Case,99MO113321,iGlaze for iPhone XR (SnapTo?) - Red
Cases,Smart Phone Case,99MO113322,iGlaze for iPhone XS Max (SnapTo?) - Red
Cases,Smart Phone Case,99MO113531,iGlaze for iPhone 12 mini - Blue
Cases,Smart Phone Case,99MO113532,iGlaze for iPhone 12/12 Pro - Blue
Cases,Smart Phone Case,99MO113533,iGlaze for iPhone 12 Pro Max - Blue
Cases,Smart Phone Case,99MO113631,iGlaze for iPhone XR (SnapTo?) - Blue
Cases,Smart Phone Case,99MO113632,iGlaze for iPhone XS Max (SnapTo?) - Blue
Cases,Smart Phone Case,99MO113651,iGlaze for iPhone 11 Pro (SnapTo?) - Green
Cases,Smart Phone Case,99MO113652,iGlaze for iPhone 11 Pro Max (SnapTo?) - Green
Cases,Smart Phone Case,99MO114001,Capto for iPhone XR - Black
Cases,Smart Phone Case,99MO114002,Capto for iPhone XS Max - Black
Cases,Smart Phone Case,99MO114003,Capto for iPhone XS/X - Black
Cases,Smart Phone Case,99MO114004,Capto for iPhone 11 - Black
Cases,Smart Phone Case,99MO114301,Capto for iPhone XR - Pink
Cases,Smart Phone Case,99MO114302,Capto for iPhone XS Max - Pink
Cases,Smart Phone Case,99MO114303,Capto for iPhone XS/X - Pink
Cases,Smart Phone Case,99MO114304,Capto for iPhone 11 - Pink
Cases,Smart Phone Case,99MO116011,Vesta for iPhone XR (SnapTo?) - Gray
Cases,Smart Phone Case,99MO116012,Vesta for iPhone XS Max (SnapTo?) - Gray
Cases,Smart Phone Case,99MO116301,Vesta for iPhone XR (SnapTo?) - Pink
Cases,Smart Phone Case,99MO116302,Vesta for iPhone XS Max (SnapTo?) - Pink
Cases,Smart Phone Case,99MO116601,Vesta for iPhone XR (SnapTo?) - Green
Cases,Smart Phone Case,99MO116602,Vesta for iPhone XS Max (SnapTo?) - Green
Cases,Smart Phone Case,99MO117001,Altra for iPhone XR (SnapTo?) - Black
Cases,Smart Phone Case,99MO117002,Altra for iPhone XS Max (SnapTo?) - Black
Cases,Smart Phone Case,99MO117004,Altra for iPhone 11 Pro (SnapTo?) - Black
Cases,Smart Phone Case,99MO117005,Altra for iPhone 11 (SnapTo?) - Black
Cases,Smart Phone Case,99MO117006,Altra for iPhone 11 Pro Max (SnapTo?) - Black
Cases,Smart Phone Case,99MO117007,Altra for iPhone 12 mini (SnapTo?) - Blue
Cases,Smart Phone Case,99MO117008,Altra for iPhone 12/12 Pro (SnapTo?) - Blue
Cases,Smart Phone Case,99MO117009,Altra for iPhone 12 Pro Max (SnapTo?) - Blue
Cases,Smart Phone Case,99MO117111,Altra for iPhone XR (SnapTo?) - White
Cases,Smart Phone Case,99MO117112,Altra for iPhone XS Max (SnapTo?) - White
Cases,Smart Phone Case,99MO117301,Altra for iPhone XR (SnapTo?) - pink
Cases,Smart Phone Case,99MO117302,Altra for iPhone XS Max (SnapTo?) - Pink
Cases,Smart Phone Case,99MO117303,Altra for iPhone 11 Pro (SnapTo?) - Beige
Cases,Smart Phone Case,99MO117304,Altra for iPhone 11 (SnapTo?) - Beige
Cases,Smart Phone Case,99MO117305,Altra for iPhone 11 Pro Max (SnapTo?) - Beige
Cases,Smart Phone Case,99MO117306,Altra for iPhone 12 mini (SnapTo?) - Beige
Cases,Smart Phone Case,99MO117307,Altra for iPhone 12/12 Pro (SnapTo?) - Beige
Cases,Smart Phone Case,99MO117308,Altra for iPhone 12 Pro Max (SnapTo?) - Beige
Cases,Smart Phone Case,99MO117601,Altra for iPhone XR (SnapTo?) - Green
Cases,Smart Phone Case,99MO117602,Altra for iPhone XS Max (SnapTo?) - Green
Cases,AirPods Case,99MO123031,Pebbo for AirPods - Black
Cases,AirPods Case,99MO123032,Pebbo for AirPods Pro - Black
Cases,AirPods Case,99MO123161,Pebbo for AirPods - Beige
Cases,AirPods Case,99MO123162,Pebbo for AirPods Pro - Beige
Cases,AirPods Case,99MO123841,Pebbo for AirPods - Green
Cases,AirPods Case,99MO123842,Pebbo for AirPods Pro - Green
Cases,Laptop Case,99MO124001,iGlaze Pro 16 - Black
Cases,Laptop Case,99MO124002,"iGlaze for MacBook Pro (13-inch, 2020) - Black"
Cases,Laptop Case,99MO124901,iGlaze Pro 16 - Clear
Cases,Laptop Case,99MO124902,"iGlaze for MacBook Pro (13-inch, 2020) - Clear"
Cases,Smart Phone Case,99MO128901,Vitros for iPhone 12 mini - Clear
Cases,Smart Phone Case,99MO128902,Vitros for iPhone 12/12 Pro - Clear
Cases,Smart Phone Case,99MO128903,Vitros for iPhone 12 Pro Max - Clear
Cases,Laptop Case,99MO071003,iGlaze Pro 15 R (V2) - Black
Cases,Smart Phone Case,99MO079003,iGlaze Ion for iPhone 6 - Black Steel
Cases,Smart Phone Case,99MO088002,iGlaze for iPhone 8/7 - Metro Black
Cases,Smart Phone Case,99MO052102,Overture for iPhone 6 Plus - Beige
Cases,Smart Phone Case,99MO072303,SenseCover for iPhone 6 - Pink
Cases,Smart Phone Case,99MO080255,iGlaze for iPhone 6 Plus - Tartan Rose
Cases,Smart Phone Case,99MO101004,iGlaze for iPhone XS/X (SnapTo) - Black
Cases,Smart Phone Case,99MO079521,iGlaze Napa for iPhone 6 - Blue
Cases,Smart Phone Case,99MO086011,Talos for iPhone XS/X - Gray
Cases,Smart Phone Case,99MO079305,iGlaze Armour iPhone 6S - Golden Rose
Cases,Smart Phone Case,99MO090004,Armour for iPhone 7 Plus - Onxy Black
Cases,Smart Phone Case,99MO090902,iGlaze Clear for iPhone 7 Plus - Clear
Cases,Smart Phone Case,99MO088305,iGlaze for iPhone 8/7 - Taupe Pink
Cases,Smart Phone Case,99MO080001,iGlaze for iPhone 6 Plus - Black
Cases,Smart Phone Case,99MO088512,Napa for iPhone 8/7 - Marine Blue
Cases,Smart Phone Case,99MO091007,Overture for Galaxy S8 - Black
Cases,Smart Phone Case,99MO079901,iGlaze for iPhone 6 - XT
Cases,Smart Phone Case,99MO090302,Luxe for iPhone 7 plus - Rose Pink
Cases,Smart Phone Case,99MO079201,iGlaze Armour iPhone 6 - Silver
Cases,Smart Phone Case,99MO088203,iGlaze for iPhone 8/7 - Armour Black
Cases,Smart Phone Case,99MO079501,iGlaze for iPhone 6 - Blue
Cases,Tablet Case,99MO056005,VersaCover for iPad Pro 12.9-inch(2nd Gen) - Black
Cases,Smart Phone Case,99MO090009,iGlaze for iPhone 8 Plus/7 Plus - Armour Black
Cases,Smart Phone Case,99MO079301,iGlaze for iPhone 6 - Pink
Cases,Smart Phone Case,99MO080251,iGlaze Armour iPhone 6 Plus - Gold
Cases,Smart Phone Case,99MO080411,iGlaze for iPhone 6 Plus - Purple
Cases,Smart Phone Case,99MO072101,SenseCover for iPhone 6 - Beige
Cases,Smart Phone Case,99MO080002,iGlaze Napa for iPhone 6 Plus - Black
Cases,Tablet Case,99MO083101,Wall Mount for iPad - White
Cases,Smart Phone Case,99MO072102,SenseCover for iPhone 6 Plus - Beige
Cases,Smart Phone Case,99MO086010,Biking Kit - Black
Cases,Tablet Case,99MO056263,"VersaCover for iPad Air (10.9-inch, 4th gen)/iPad Pro (11-inch) - Savanna Beige"
Cases,Tablet Case,99MO056083,"VersaCover for iPad Air (10.9-inch, 4th gen)/iPad Pro (11-inch) - Charcoal Black"
Cases,Tablet Case,99MO056812,"VersaCover for iPad Air (10.9-inch, 4th gen)/iPad Pro (11-inch) - Sienna Orange"
Cases,Laptop Case,99MO071511,iGlaze Pro 13 R - Blue
Cases,Smart Phone Case,99MO088302,Napa for iPhone 8/7 - Melrose Pink
Cases,Laptop Case,99MO071801,iGlaze Pro 13 R - Orange
Cases,Laptop Case,99MO054103,iGlaze Air 11(2013) - White
Cases,Laptop Case,99MO054005,iGlaze Air 11(2013) - Black
Cases,Laptop Case,99MO054511,iGlaze Pro 13 - Blue
Cases,Laptop Case,99MO054611,iGlaze Pro 13 - Green
Cases,Laptop Case,99MO054801,iGlaze Pro 13 - Orange
Cases,Laptop Case,99MO054301,iGlaze Pro 13 - Pink
Cases,Laptop Case,99MO071901,iGlaze Air 11 (V2) - Clear
Cases,Laptop Case,99MO071001,iGlaze Air 11 (V2) - Black
Cases,Smart Phone Case,99MO061251,iGlaze Armour for iPhone SE - Golden Rose
Cases,Smart Phone Case,99MO079321,iGlaze Napa for iPhone 6 - Red
Cases,Smart Phone Case,99MO072304,SenseCover for iPhone 6 Plus - Black
Cases,Smart Phone Case,99MO090202,Luxe for iPhone 7 plus - Black
Cases,Smart Phone Case,99MO090012,Vesta for iPhone 7 Plus - Herringbone Gray
Cases,Smart Phone Case,99MO088253,Luxe for iPhone SE 2/8/7 - Satin Gold
Cases,Smart Phone Case,99MO079253,iGlaze Luxe for iPhone 6 - Satin Gold
Cases,Smart Phone Case,99MO080204,iGlaze Luxe for iPhone 6 Plus - Titanium Gray
Cases,Smart Phone Case,99MO072008,SenseCover for iPhone 8/7 - Steel Black
Cases,Smart Phone Case,99MO090901,XT Clear for iPhone 7 Plus - Clear
Cases,Smart Phone Case,99MO088902,iGlaze Clear for iPhone 7 - Clear
Cases,Smart Phone Case,99MO103902,Vitros for iPhone 8/7 - Clear
Cases,Smart Phone Case,99MO103032,Vitros for iPhone 8/7 - Black
Cases,Smart Phone Case,99MO103903,Vitros for iPhone 8 Plus/7 Plus - Clear
Cases,Smart Phone Case,99MO105251,Vitros for Pixel 2 XL - Red
Cases,Smart Phone Case,99MO080321,iGlaze Napa for iPhone 6 Plus - Red
Cases,Smart Phone Case,99MO079022,iGlaze Kameleon 6 - Black
Cases,Smart Phone Case,99MO106001,Tycho for Pixel 2 XL - Black
Cases,Smart Phone Case,99MO080305,iGlaze Armour for iPhone 6S Plus - Golden Rose
Cases,Smart Phone Case,99MO091302,Overture for iPhone 8 Plus/7 Plus - Daisy Pink
Cases,Smart Phone Case,99MO079204,iGlaze Ion for iPhone 6 - Titanium
Cases,Smart Phone Case,99MO086001,Endura - Black
Cases,Smart Phone Case,99MO079021,iGlaze Armour iPhone 6 - Gray
Cases,Smart Phone Case,99MO086004,Clip Mount - Black
Cases,Smart Phone Case,99MO086009,Running Kit - Black
Cases,Tablet Case,99MO039910,iGlaze for iPad Pro (12.9-inch) - Clear
Cases,Tablet Case,99MO064702,VersaCover for iPad mini w/R - Gray
Cases,Tablet Case,99MO055902,iGlaze for iPad Pro (9.7-inch) - Clear
Cases,Smart Phone Case,99MO072004,SenseCover for iPhone 6 - Black
Cases,Smart Phone Case,99MO079302,iGlaze Luxe for iPhone 6 - Rose Pink
Cases,Smart Phone Case,99MO089002,Kameleon for iPhone 8 plus/7 plus - Imperial Black
Cases,Smart Phone Case,99MO091008,Overture for Galaxy S8 - Black
Cases,Smart Phone Case,99MO058045,Vitros for Galaxy S8 - Black
Cases,Smart Phone Case,99MO079256,iGlaze for iPhone 6 - Tartan Rose
Cases,Smart Phone Case,99MO058041,Tycho for Galaxy S8 - Black
Cases,Smart Phone Case,99MO058044,Napa for Galaxy S8 - Black
Cases,Smart Phone Case,99MO058046,Vitros for Galaxy S8 - Clear
Cases,Smart Phone Case,99MO058302,Tycho for Galaxy S8 - Pink
Cases,Smart Phone Case,99MO058303,Vitros for Galaxy S8 - Pink
Cases,Smart Phone Case,99MO091002,Overture for iPhone 8 Plus/7 Plus - Charcoal Black
Cases,Smart Phone Case,99MO058043,Napa for Galaxy S8 - Black
Cases,Smart Phone Case,99MO061001,iGlaze 5 - Black
Cases,Smart Phone Case,99MO061003,iGlaze Kameleon 5 - Black
Cases,Smart Phone Case,99MO061231,iGlaze Armour 5 - Bronze
Cases,Smart Phone Case,99MO061321,iGlaze 5 - Red
Cases,Smart Phone Case,99MO061411,iGlaze 5 - Purple
Cases,Smart Phone Case,99MO061501,iGlaze 5 - Blue
Cases,Smart Phone Case,99MO079101,iGlaze Kameleon 6 - White
Cases,Smart Phone Case,99MO079202,iGlaze Kameleon 6 - Titanium
Cases,Smart Phone Case,99MO079303,iGlaze Armour iPhone 6 - Sunset Copper
Cases,Smart Phone Case,99MO080303,iGlaze Armour iPhone 6 Plus - Sunset Copper
Cases,Smart Phone Case,99MO079801,iGlaze Luxe for iPhone 6 - Alloy Orange
Cases,Smart Phone Case,99MO079001,iGlaze for iPhone 6 - Black
Cases,Smart Phone Case,99MO079411,iGlaze for iPhone 6 - Purple
Cases,Smart Phone Case,99MO105321,Vitros for Pixel 2 - Red
Cases,Smart Phone Case,99MO105511,Vitros for Pixel 2 - Blue
Cases,Smart Phone Case,99MO106002,Tycho for Pixel 2 - Black
Cases,Smart Phone Case,99MO105031,Vitros for Pixel 2 XL - Gray
Cases,Smart Phone Case,99MO105032,Vitros for Pixel 2 - Gray
Cases,Smart Phone Case,99MO105033,Vitros for Galaxy S9 - Gray
Cases,Smart Phone Case,99MO105034,Vitros for Galaxy S9 - Gray
Cases,Smart Phone Case,99MO105201,Vitros for Galaxy S9 - Silver
Cases,Smart Phone Case,99MO105202,Vitros for Galaxy S9 - Silver
Cases,Smart Phone Case,99MO086003,Armband - Black
Cases,Smart Phone Case,99MO086005,Handlebar Mount - Black
Cases,Tablet Case,99MO056001,iGlaze  VersaCover - Black
Cases,Tablet Case,99MO056101,iGlaze  VersaCover - White
Cases,Tablet Case,99MO064521,VersaCover for iPad mini - Blue
Cases,RMA,99R1128903,Vitros for iPhone 12 Pro Max (R) - Clear
Cases,Laptop Case,99MO071903,iGlaze Pro 15 R (V2) - Clear
Cases,Laptop Case,99MO071904,iGlaze Pro 13 R ( V2) - Clear
Cases,Smart Phone Case,99MO072241,SenseCover for iPhone SE/5s/5 - Titanium
Cases,Smart Phone Case,99MO079002,iGlaze Napa for iPhone 6 - Black
Cases,Tablet Case,99MO064302,VersaCover for iPad mini w/R - Pink
Cases,Tablet Case,99MO056906,VersaCover for iPad Air 2 - Blue
Cases,Laptop Case,99MO071101,iGlaze Air 11 (V2) - White
Cases,Smart Phone Case,99MO069901,iGlaze XT for iPhone 5c - N/A
Cases,Smart Phone Case,99MO061002,iGlaze Armour 5 - Black
Cases,Smart Phone Case,99MO061201,iGlaze Armour 5 - Silver
Cases,Smart Phone Case,99MO061901,iGlaze 5 - XT
Cases,Tablet Case,99MO056003,VersaCover for iPad Pro (9.7-inch) - Black
Cases,Tablet Case,99MO056301,VersaCover for iPad Pro (9.7 - inch) - Pink
Cases,Tablet Case,99MO064301,VersaCover for iPad mini - Pink
Cases,Laptop Case,99MO054004,iGlaze Pro 13 R - Black
Cases,Smart Phone Case,99MO090306,Vesta for iPhone 7 Plus - Blossom Pink
Cases,Tablet Case,99MO056905,VersaCover for iPad Air - Pink
Cases,Tablet Case,99MO056085,"VersaCover for iPad Pro (12.9-inch, 5th gen) - Charcoal Black"
Cases,Tablet Case,99MO056086,"VersaCover for iPad Pro (11-inch, 3rd-1st gen) - Charcoal Black"
Cases,Tablet Case,99MO056264,"VersaCover for iPad Pro (11-inch, 3rd-1st gen)  - Savanna Beige"
Cases,Tablet Case,99MO056813,"VersaCover for iPad Pro (11-inch, 3rd-1st gen) - Sienna Orange"
Cases,Smart Phone Case,99MO090514,Vesta for iPhone 7 Plus - Bahama Blue
Cases,Accessory,99MO095303,Altra Body Strap  - Rose Pink
Cases,Smart Phone Case,99MO132531,iGlaze for iPhone 13 mini - Slate Blue
Cases,Smart Phone Case,99MO133011,Overture for iPhone 13 mini - Jet Black
Cases,Smart Phone Case,99MO117702,Altra for iPhone 13  - Sahara Beige
Cases,Smart Phone Case,99MO132532,iGlaze for iPhone 13 - Slate Blue
Cases,Smart Phone Case,99MO132902,iGlaze XT for iPhone 13 - Crystal Clear
Cases,Smart Phone Case,99MO117703,Altra for iPhone 13 Pro - Sahara Beige
Cases,Smart Phone Case,99MO132533,iGlaze for iPhone 13 Pro - Slate Blue
Cases,Smart Phone Case,99MO132903,iGlaze XT for iPhone 13 Pro - Crystal Clear
Cases,Smart Phone Case,99MO132534,iGlaze for iPhone 13 Pro Max - Slate Blue
Cases,Smart Phone Case,99MO132904,iGlaze XT for iPhone 13 Pro Max - Crystal Clear
Cases,Smart Phone Case,99MO133014,Overture for iPhone 13 Pro Max - Jet Black
Cases,Smart Phone Case,99MO117313,Altra for iPhone 13 Pro Max - Rose Pink
Cases,Smart Phone Case,99MO117534,Altra for iPhone 13 Pro Max - Midnight Blue
Cases,Smart Phone Case,99MO117704,Altra for iPhone 13 Pro Max - Sahara Beige
Cases,Smart Phone Case,99MO132013,iGlaze for iPhone 13 Pro Max - Dahlia Pink
Cases,Smart Phone Case,99MO132104,iGlaze for iPhone 13 Pro Max - Pearl White
Cases,Smart Phone Case,99MO117312,Altra for iPhone 13 Pro - Rose Pink
Cases,Smart Phone Case,99MO117533,Altra for iPhone 13 Pro - Midnight Blue
Cases,Smart Phone Case,99MO117311,Altra for iPhone 13  - Rose Pink
Cases,Smart Phone Case,99MO117532,Altra for iPhone 13  - Midnight Blue
Cases,Smart Phone Case,99MO132103,iGlaze for iPhone 13 Pro - Pearl White
Cases,Smart Phone Case,99MO132012,iGlaze for iPhone 13 Pro - Dahlia Pink
Cases,Smart Phone Case,99MO132011,iGlaze for iPhone 13 - Dahlia Pink
Cases,Smart Phone Case,99MO132102,iGlaze for iPhone 13 - Pearl White
Cases,Smart Phone Case,99MO132901,iGlaze XT for iPhone 13 mini - Crystal Clear
Cases,Smart Phone Case,99MO133303,Overture for iPhone 13 Pro - Luna Pink
Cases,Smart Phone Case,99MO133304,Overture for iPhone 13 Pro Max - Luna Pink
Cases,Smart Phone Case,99MO133012,Overture for iPhone 13 - Jet Black
Cases,Smart Phone Case,99MO117531,Altra for iPhone 13 mini - Midnight Blue
Cases,Smart Phone Case,99MO133013,Overture for iPhone 13 Pro - Jet Black
Cases,Smart Phone Case,99MO133302,Overture for iPhone 13 - Luna Pink
Cases,Smart Phone Case,99MO132523,iGlaze for iPhone 13 Pro Max - Adriatic Blue
Cases,Smart Phone Case,99MO132522,iGlaze for iPhone 13 Pro - Adriatic Blue
Cases,Smart Phone Case,99MO132521,iGlaze for iPhone 13 - Adriatic Blue
Cases,Smart Phone Case,99MO134091,Arx (MagSafe) for iPhone 13 mini - Mirage Black
Cases,Smart Phone Case,99MO132921,iGlaze for iPhone 13 - Astral Silver
Cases,Smart Phone Case,99MO132922,iGlaze for iPhone 13 Pro - Astral Silver
Cases,Smart Phone Case,99MO132923,iGlaze for iPhone 13 Pro Max - Astral Silver
Cases,Smart Phone Case,99MO132951,Arx Clear (MagSafe) for iPhone 13 mini - Crystal Clear
Cases,Smart Phone Case,99MO132952,Arx Clear (MagSafe) for iPhone 13 - Crystal Clear
Cases,Smart Phone Case,99MO134092,Arx (MagSafe) for iPhone 13 - Mirage Black
Cases,Smart Phone Case,99MO132953,Arx Clear (MagSafe) for iPhone 13 Pro - Crystal Clear
Cases,Smart Phone Case,99MO134093,Arx (MagSafe) for iPhone 13 Pro - Mirage Black
Cases,Smart Phone Case,99MO134094,Arx (MagSafe) for iPhone 13 Pro Max - Mirage Black
Cases,Smart Phone Case,99MO132954,Arx Clear (MagSafe) for iPhone 13 Pro Max - Crystal Clear
Others,Clean Kit,99MO033001,TeraGlove - Black
Others,Accessory,99MO053101,Travel Stand for Apple Watch - White
Others,Accessory,99MO065011,Digits (S) - Light gray
Others,Accessory,99MO065013,Digits (M) - Light gray
Others,Accessory,99MO065031,Digits (L) - Dark gray
Others,Keyboard,99MO070008,VersaKeyboard for iPad Air 2 (US) - Black
Others,Accessory,99MO123001,Apple Pencil Case - Black
Others,Accessory,99MO123011,Apple Pencil Case - Stone Gray
Others,Accessory,99MO123301,Apple pencil case - Sakura Pink
Others,Others,99MO035083,Magnetic clip - Black
Others,Keyboard,99MO070018,VersaKeyboard for iPad (5th/6th Gen.) US - Black
Others,Others,99MO035104,Magnetic clip - White
Others,Accessory,99MO015203,Zefyr 2 - Silver
Others,Hub,99MO059201,Cardette 3 - Silver
Others,Hub,99MO018204,iLynx 3.0 - INTL - Silver
Others,Keyboard,99MO048001,Luna (Chinese Layout) - Black
Others,Accessory,99MO060201,Stanza Duo - Silver
Others,Hub,99MO018203,iLynx 3.0 - US - Silver
Others,Keyboard,99MO048000,Luna (US Layout) - Black
Others,Keyboard,99MO070014,VersaKeyboard for iPad Pro (9.7-inch) US - Black
POSM,Marketing Stuff,99MT002011,GeckoClip ( 1 set for 3 color) - Grey/Green/Blue
POSM,Marketing Stuff,99MT002051,moshi@live???-?? - Gray
POSM,Marketing Stuff,99MT002054,2018 Coin Purse - Green
POSM,Marketing Stuff,99MT002056,2018 Triangle Coin Purse - Green
POSM,Marketing Stuff,99MT002057,2018 Triangle Coin Purse - Dark Grey
POSM,Marketing Stuff,99MT002059,2018 Square Coin Purse - Dark Grey
POSM,Marketing Stuff,99MT002060,2018 Toiletry kit - Navy Blue
POSM,Marketing Stuff,99MT002062,2018 Toiletry kit - Sky Blue
POSM,Marketing Stuff,99MT002067,Porto Q Case - Dark Green
POSM,Marketing Stuff,99MT002071,Moshi Store ????? - White
POSM,Marketing Stuff,99MT002076,2019 Lunch Bag - Beige
POSM,Marketing Stuff,99MT002077,Microfiber Cleaner - Dark Purple
POSM,Marketing Stuff,99MT002078,Moshi Logo Zipper Pouch - Orange
POSM,Marketing Stuff,99MT002079,Microfiber Cleaner - Light Purple
POSM,Marketing Stuff,99MT002080,Magnetic Strap - Green
POSM,Marketing Stuff,99MT002081,Magnetic Strap - Grey
POSM,Marketing Stuff,99MT002091,Hand Sanitizer
POSM,Marketing Stuff,99MT002096,Aroma & Aroma Stone
POSM,Marketing Stuff,99MT002097,SnapTo? Magnetic Slim Wallet
POSM,Marketing Stuff,99MT002098,SnapTo? Magnetic Slim Wallet
POSM,Marketing Stuff,99MT002099,SnapTo? Magnetic Slim Wallet
POSM,Marketing Stuff,99MT002086,Mask For Child - Gray
POSM,Marketing Stuff,99MT002045,Accessory Case - Gray
POSM,Marketing Stuff,99MT001018,iPhone case Acrylic display
POSM,Marketing Stuff,99MT001072,Acrylic Display Stand - Large - Clear
POSM,Marketing Stuff,99MT002058,2018 Square Coin Purse - Green
POSM,Marketing Stuff,99MT002068,Porto Q Case - Dark Blue
POSM,Marketing Stuff,99MT002082,Moshi Shopping Bag (8OZ Canvas) - Black
POSM,Marketing Stuff,99MT002085,Mask For Adult - Gray
POSM,Marketing Stuff,99MT002087,CableStay Clips - Gray
POSM,Marketing Stuff,99MT001055,Otto Q Countertop Stand
POSM,Marketing Stuff,99MT002006,Moshi Shopping bag(V.2)
POSM,Marketing Stuff,99MT001074,Single-hook bag stand
POSM,Marketing Stuff,99MT002083,Moshi Shopping Bag (8OZ CANVAS) - Red
POSM,Marketing Stuff,99MT001030,Moshi headphone stand
POSM,Marketing Stuff,99MT002065,Moshi Umbrella - Gray
POSM,Marketing Stuff,99MT002020,Passport Holder - Beige
POSM,Marketing Stuff,99MT001031,Moshi In-ear headphone stand
POSM,Marketing Stuff,99MT001070,MacBook series cardboard stand
POSM,Marketing Stuff,99MT002066,Moshi Umbrella - Light Green
POSM,Marketing Stuff,99MT002026,Keychain bottle opener(2015) - Silver
POSM,Marketing Stuff,99MT002075,2019 Lunch Bag - Brown
POSM,Marketing Stuff,99MT002101,(?????????????(????)
POSM,Marketing Stuff,99MT002055,2018 Coin Purse - Dark Grey
POSM,Marketing Stuff,99MT002102,Moshi Shopping Bag (28*35.8cm)
POSM,Marketing Stuff,99MT002103,Vegan Leather Tray Origanizer - Black
POSM,Marketing Stuff,99MT002104,Vegan Leather Tray Origanizer - Brown
POSM,Marketing Stuff,99MT001021,Moshi retail display - Metal V2 - Sliver
POSM,Marketing Stuff,99MT022007,Q series display sticker - Otto Q
POSM,Marketing Stuff,99MT022009,Q series display sticker - Symbus Q
POSM,Marketing Stuff,99MT022010,Q series display sticker - Lounge Q
POSM,Marketing Stuff,99MT022011,Q series display sticker - Sette Q
POSM,Marketing Stuff,99MT022004,Q series display backdrop for 5 stands
POSM,Marketing Stuff,99MT022006,Q series display stand
POSM,Marketing Stuff,99MT002113,?????
POSM,Marketing Stuff,99MT006011,Work Style Lookbook 2017
POSM,Marketing Stuff,99MT001053,Digits Counter-top Display
RMA,RMA,99MP035000,Avanti 3.5 mm Cable
RMA,RMA,99MP071005,"iGlaze Pro 13/15(Thunderbolt 3/USB-C), iGlaze 12 Black - Rubber feet"
RMA,RMA,99MP071902,iGlaze Air 13 Translucent - Rubber feet
RMA,RMA,99MP071905,"iGlaze Pro 13/15(Thunderbolt 3/USB-C), iGlaze 12 Clear - Rubber feet"
RMA,RMA,99MP078031,Urbana Shoulder pad - Gray
RMA,RMA,99MP117002,Altra for iPhone XS/XS Max wrist strap - Black
RMA,RMA,99MP122002,SnapTo Car Mount dashboard adapter
RMA,RMA,99R1023044,Integra? Lightning to USB-A Charge/Sync Cable (R) - Titanium Gray
RMA,RMA,99R1117001,Altra for iPhone XR - Black
RMA,RMA,99R1117111,Altra for iPhone XR - White
RMA,RMA,99R1122002,SnapTo? Car Mount with Wireless Charging (R) - Black
RMA,RMA,99R1096001,IonGlass for iPhone 7/8 (R) - Black
RMA,RMA,99R1117601,Altra for iPhone XR - Green
RMA,RMA,99R1101101,iGlaze for iPhone X (R) - White
RMA,RMA,99MP117111,Altra neck strap ?? (Taiwan store only) - Beige
RMA,RMA,99R1022218,Lounge Q (R) - Nordic Gray
RMA,RMA,99R1122001,SnapTo? Wall Mount (R) - Stone Gray
RMA,RMA,99R1056302,VersaCover for iPad (2017) (Pink) - Pink
RMA,RMA,99R1103251,Vitros for iPhone X (R) - Pink
RMA,RMA,99R1101301,iGlaze for iPhone X (R) - Pink
RMA,RMA,99R1075008,iVisor Glass for iPhone 6 Plus (R) - Black
RMA,RMA,99R1072101,SenseCover for iPhone 6 (R) - Biege
RMA,RMA,99R1071909,iGlaze for MacBook Air 13 (Thunderbolt 3/USB-C) - Clear (R) - Clear
RMA,RMA,99R1079901,iGlaze for iPhone 6 - XT
RMA,RMA,99R1117002,Altra for iPhone XS Max - Black
RMA,RMA,99MP099002,Costa Strap - Black
RMA,RMA,99MP071004,iGlaze 13 R Black - Rubber feet
RMA,RMA,99R1022213,Porto Q 5K (R) - Gray
RMA,RMA,99MP094001,Arcus Chest Strap - Charcoal Black
RMA,RMA,99R1056006,VersaCover for iPad Pro/Air (10.5-inch) - Black
RMA,RMA,99MP071904,iGlaze 13 R Clear - Rubber feet
RMA,RMA,99R1071007,iGlaze for MacBook Air 13 (Thunderbolt 3/USB-C) - Black (R) - Black
RMA,RMA,99MP117303,Altra for iPhone 11/11Pro/11Pro Max wrist strap - Beige
RMA,RMA,99R1086011,Talos for iPhone X (R) - Gray
RMA,RMA,99MP099001,Costa Shoulder Pad - Slate Black
RMA,RMA,99MP091309,Overture for iPhone 11 Pro Max (SnapTo?) Wallet - Pink
RMA,RMA,99R1079101,iGlaze Kameleon 6 White (R) - White
RMA,RMA,99R1090301,iGlaze for iPhone 8 Plus/7 Plus (R) - Blush Pink
RMA,RMA,99R1090521,iGlaze for iPhone 8 Plus/7 Plus (R) - Powder Blue
RMA,RMA,99R1090721,iGlaze for iPhone 8 Plus/7 Plus (R) - Mellow Yellow
RMA,RMA,99R1103321,Vitros for iPhone X (R) - Red
RMA,RMA,99MP117112,Altra for iPhone XS/XS Max wrist strap - Beige
RMA,RMA,99MP078511,Urbana Shoulder pad - Blue
RMA,RMA,99MP117001,Altra neck strap ?? (Taiwan store only) - Black
RMA,RMA,99R1101001,iGlaze for iPhone X (R) - Black
RMA,RMA,99R1056011,VersaCover for iPad Pro 11-inch - Gray
RMA,RMA,99R1122003,SnapTo? Car Mount (R) - Gray
RMA,RMA,99R1080201,iGlaze Armour iPhone 6 Plus (R) - Silver
RMA,RMA,99R1117302,Altra for iPhone XS Max - Pink
RMA,RMA,99R1086041,Talos for iPhone X (R) - Black
RMA,RMA,99R1117112,Altra for iPhone XS Max - White
RMA,RMA,99R1102021,StealthCover for iPhone X (R) - Gray
RMA,RMA,99R1117602,Altra for iPhone XS Max - Green
RMA,RMA,99MP035004,Avanti USB-C Cable
RMA,RMA,99MP091307,Overture for iPhone 11 Pro (SnapTo?) Wallet - Pink
RMA,RMA,99MP035005,Avanti Lightning Cable
RMA,RMA,99R1056086,"VersaCover for iPad Pro (11-inch, 3rd-1st gen) - Charcoal Black (R)"
RMA,RMA,99R1084214,USB-C to Dual USB-A Adapter (R) - Titanium Gray
RMA,RMA,99R1103031,Vitros for iPhone X (R) - Black
Screen Protection,Laptop Protection (Clear Guard/ Palm Guard),99MO012209,PalmGuard Air 13 (2008-2017) - Silver
Screen Protection,Laptop Protection (Clear Guard/ Palm Guard),99MO012210,PalmGuard 15 R - Silver
Screen Protection,Smart Phone Screen Protection,99MO020010,iVisor AG for iPhone 7 Plus - Black
Screen Protection,Smart Phone Screen Protection,99MO020011,iVisor AG for iPhone 7 Plus - White
Screen Protection,Tablet Screen Protection,99MO020014,iVisor AG for iPad Pro 12.9-inch (1st/2nd Gen) - Black
Screen Protection,Tablet Screen Protection,99MO020015,iVisor AG for iPad Pro 12.9-inch (1st/2nd Gen) - White
Screen Protection,Tablet Screen Protection,99MO020016,iVisor AG for iPad (5th/6th Gen.) - Black
Screen Protection,Tablet Screen Protection,99MO020017,iVisor AG for iPad (5th/6th Gen.) - White
Screen Protection,Smart Phone Screen Protection,99MO020020,iVisor AG for iPhone SE 2/8/7 - Black
Screen Protection,Smart Phone Screen Protection,99MO020021,iVisor AG for iPhone 8 - White
Screen Protection,Smart Phone Screen Protection,99MO020022,iVisor AG for iPhone 8 Plus - Black
Screen Protection,Smart Phone Screen Protection,99MO020023,iVisor AG for iPhone 8 Plus - White
Screen Protection,Tablet Screen Protection,99MO020028,iVisor AG for iPad Pro 12.9-inch (3rd/4th Gen) - Black
Screen Protection,Tablet Screen Protection,99MO020030,iVisor AG for iPad Pro 11?inch (1st/2nd Gen) - Black
Screen Protection,Tablet Screen Protection,99MO020031,iVisor AG for iPad mini (5th Gen) - Black
Screen Protection,Tablet Screen Protection,99MO020034,iVisor AG for iPad mini (5th Gen) - white
Screen Protection,Tablet Screen Protection,99MO020035,iVisor AG for iPad/Air/Pro (10.2/10.5-inch) - Black
Screen Protection,Tablet Screen Protection,99MO020036,iVisor AG for iPad/Air/Pro (10.2/10.5-inch) - White
Screen Protection,Car Screen Protection,99MO020037,iVisor AG for Model 3 - Black
Screen Protection,Smart Phone Screen Protection,99MO020038,iVisor AG for iPhone 12 mini - Black
Screen Protection,Smart Phone Screen Protection,99MO020039,iVisor AG for iPhone 12/12 Pro - Black
Screen Protection,Smart Phone Screen Protection,99MO020040,iVisor AG for iPhone 12 Pro Max - Black
Screen Protection,Smart Phone Screen Protection,99MO020969,iVisor AG for iPhone 6 - White
Screen Protection,Laptop Protection (Clear Guard/ Palm Guard),99MO021901,ClearGuard MB (US Layout) - N/A
Screen Protection,Laptop Protection (Clear Guard/ Palm Guard),99MO021903,ClearGuard MB (EU Layout) - N/A
Screen Protection,Laptop Protection (Clear Guard/ Palm Guard),99MO021904,ClearGuard FS (US Layout) - N/A
Screen Protection,Laptop Protection (Clear Guard/ Palm Guard),99MO021905,ClearGuard CS (US Layout) - N/A
Screen Protection,Laptop Protection (Clear Guard/ Palm Guard),99MO021911,ClearGuard MB without Touch Bar (US layout) - N/A
Screen Protection,Laptop Protection (Clear Guard/ Palm Guard),99MO021912,ClearGuard MB without Touch Bar (EU layout) - N/A
Screen Protection,Laptop Protection (Clear Guard/ Palm Guard),99MO021913,ClearGuard MB without Touch Bar(JP layout) - N/A
Screen Protection,Laptop Protection (Clear Guard/ Palm Guard),99MO021914,ClearGuard MK (US layout) - N/A
Screen Protection,Laptop Protection (Clear Guard/ Palm Guard),99MO021915,ClearGuard MK (EU layout) - N/A
Screen Protection,Laptop Protection (Clear Guard/ Palm Guard),99MO021917,ClearGuard MB with Touch Bar (US layout) - N/A
Screen Protection,Laptop Protection (Clear Guard/ Palm Guard),99MO021918,ClearGuard MB with Touch Bar (EU layout) - N/A
Screen Protection,Laptop Protection (Clear Guard/ Palm Guard),99MO021919,ClearGuard MB with Touch Bar (JP layout) - N/A
Screen Protection,Laptop Protection (Clear Guard/ Palm Guard),99MO021920,ClearGuard MK with numeric keypad (US layout) - N/A
Screen Protection,Laptop Protection (Clear Guard/ Palm Guard),99MO021921,ClearGuard Air 13 (Thunderbolt 3/USB-C) - US layout - N/A
Screen Protection,Laptop Protection (Clear Guard/ Palm Guard),99MO021922,ClearGuard Air 13 (Thunderbolt 3/USB-C) - EU layout - N/A
Screen Protection,Laptop Protection (Clear Guard/ Palm Guard),99MO021923,ClearGuard Air 13 (Thunderbolt 3/USB-C) - JP layout - N/A
Screen Protection,Laptop Protection (Clear Guard/ Palm Guard),99MO021924,ClearGuard for MacBook  Pro 13/16 (Magic Keyboard) - US layout - N/A
Screen Protection,Laptop Protection (Clear Guard/ Palm Guard),99MO021925,ClearGuard for MacBook  Pro 13/16 (Magic Keyboard)  - EU layout - N/A
Screen Protection,Laptop Protection (Clear Guard/ Palm Guard),99MO021926,ClearGuard for MacBook  Pro 13/16 (Magic Keyboard) - JP layout - N/A
Screen Protection,Laptop Protection (Clear Guard/ Palm Guard),99MO021927,ClearGuard for MacBook Air 2020 - US layout - N/A
Screen Protection,Laptop Protection (Clear Guard/ Palm Guard),99MO021928,ClearGuard for MacBook Air 2020 - EU layout - N/A
Screen Protection,Laptop Protection (Clear Guard/ Palm Guard),99MO021929,ClearGuard for MacBook Air 2020 - JP layout - N/A
Screen Protection,Laptop Screen Protection,99MO040905,iVisor Air 13 (2010-2017) - Silver
Screen Protection,Laptop Screen Protection,99MO040908,iVisor 12 - Black
Screen Protection,Laptop Screen Protection,99MO040909,iVisor for MacBook Pro/Air 13 (Thunderbolt 3/USB-C) - Black
Screen Protection,Laptop Screen Protection,99MO040910,iVisor Pro 15 (Thunderbolt 3/USB-C) - Black
Screen Protection,Laptop Screen Protection,99MO040912,iVisor Pro 16 - Black
Screen Protection,Smart Phone Screen Protection,99MO044908,AirFoil Camera Protector for dual-camera systems - N/A
Screen Protection,Smart Phone Screen Protection,99MO044909,AirFoil Camera Protector for triple-camera systems - N/A
Screen Protection,Smart Phone Screen Protection,99MO044910,AirFoil Pro for iPhone SE 2 - Black
Screen Protection,Smart Phone Screen Protection,99MO044911,AirFoil Pro for iPhone 12 mini - Black
Screen Protection,Smart Phone Screen Protection,99MO044912,AirFoil Pro for iPhone 12/12 Pro - Black
Screen Protection,Smart Phone Screen Protection,99MO044913,AirFoil Pro for iPhone 12 Pro Max - Black
Screen Protection,Smart Phone Screen Protection,99MO044914,AirFoil Pro for iPhone 11 Pro - Black
Screen Protection,Smart Phone Screen Protection,99MO044915,AirFoil Pro for iPhone 11 - Black
Screen Protection,Smart Phone Screen Protection,99MO044916,AirFoil Pro for iPhone 11 Pro Max -Black
Screen Protection,Smart Phone Screen Protection,99MO075007,iVisor Glass for iPhone 6 - Black
Screen Protection,Smart Phone Screen Protection,99MO075008,iVisor Glass for iPhone 6 Plus - Black
Screen Protection,Smart Phone Screen Protection,99MO075813,IonGlass  for Galaxy S8 - Black
Screen Protection,Smart Phone Screen Protection,99MO076011,AirFoil Glass for iPhone 8/7 - Clear
Screen Protection,Smart Phone Screen Protection,99MO076012,AirFoil Glass for iPhone 8 Plus/7 Plus - Clear
Screen Protection,Smart Phone Screen Protection,99MO076014,AirFoil Glass for iPhone 11 Pro/XS/X - Clear
Screen Protection,Smart Phone Screen Protection,99MO076020,AirFoil Glass for iPhone 11/XR - Clear
Screen Protection,Smart Phone Screen Protection,99MO076021,AirFoil Glass for iPhone 11 Pro Max/XS Max - Clear
Screen Protection,Laptop Screen Protection,99MO085007,Umbra for Surface Pro (2017) - Black
Screen Protection,Laptop Screen Protection,99MO085009,Umbra for MacBook Pro/Air 13 (Thunderbolt 3/USB-C) - Black
Screen Protection,Laptop Screen Protection,99MO085010,Umbra for Pro 15 (Thunderbolt 3/USB-C) - Black
Screen Protection,Laptop Screen Protection,99MO085018,Umbra for Pro 16 - Black
Screen Protection,Smart Phone Screen Protection,99MO096001,IonGlass for iPhone 8/7 - Black
Screen Protection,Smart Phone Screen Protection,99MO096002,IonGlass for iPhone 8/7 - White
Screen Protection,Smart Phone Screen Protection,99MO096003,IonGlass for iPhone 8 Plus/7 Plus - Black
Screen Protection,Smart Phone Screen Protection,99MO096004,IonGlass for iPhone 8 Plus/7 Plus - White
Screen Protection,Smart Phone Screen Protection,99MO096005,IonGlass for iPhone 11 Pro/XS/X - Black
Screen Protection,Smart Phone Screen Protection,99MO096012,IonGlass for Galaxy Note 8 - Black
Screen Protection,Smart Phone Screen Protection,99MO096019,IonGlass for Pixel 3 XL - Black
Screen Protection,Smart Phone Screen Protection,99MO096020,IonGlass for iPhone 11/XR - Black
Screen Protection,Smart Phone Screen Protection,99MO096021,IonGlass for Pixel 3 - Black
Screen Protection,Smart Phone Screen Protection,99MO096022,IonGlass for iPhone 11 Pro Max/XS Max - Black
Screen Protection,Smart Phone Screen Protection,99MO096023,IonGlass for Galaxy Note 9 - Black
Screen Protection,Smart Phone Screen Protection,99MO115001,IonGlass Privacy for iPhone 11/XR - Black
Screen Protection,Smart Phone Screen Protection,99MO115002,IonGlass Privacy for iPhone 11 Pro Max/XS Max - Black
Screen Protection,Smart Phone Screen Protection,99MO115003,IonGlass Privacy for iPhone 11 Pro/XS/X - Black
Screen Protection,Tablet Screen Protection,99MO020007,iVisor AG for iPad Pro (9.7-inch) - White
Screen Protection,Smart Phone Screen Protection,99MO076001,AirFoil Glass for iPhone SE/5s/5c/5 - N/A
Screen Protection,Tablet Screen Protection,99MO020041,"iVisor AG for iPad Air (10.9-inch, 4th gen)/iPad Pro (11-inch, 2nd/1st gen) - black"
Screen Protection,Laptop Protection (Clear Guard/ Palm Guard),99MO021910,ClearGuard MB (JP Layout)(R) - N/A
Screen Protection,Smart Phone Screen Protection,99MO076016,Airfoil Glass for Pixel 2 - Clear
Screen Protection,Tablet Screen Protection,99MO020933,iVisor AG for iPad mini - Black
Screen Protection,Tablet Screen Protection,99MO020935,iVisor XT for iPad mini - Black
Screen Protection,Tablet Screen Protection,99MO020936,iVisor XT for iPad mini - White
Screen Protection,Tablet Screen Protection,99MO020986,iVisor XT for iPad Air 2 - Black
Screen Protection,Smart Phone Screen Protection,99MO020008,iVisor AG for iPhone 7 - Black
Screen Protection,Smart Phone Screen Protection,99MO020921,iVisor AG for iPhone SE/5s/5c/5 - Black
Screen Protection,Tablet Screen Protection,99MO020013,iVisor AG for iPad Pro/Air (10.5-inch) - White
Screen Protection,Smart Phone Screen Protection,99MO020922,iVisor AG for iPhone SE/5s/5c/5 - White
Screen Protection,Smart Phone Screen Protection,99MO075001,iVisor Glass for iPhone SE/5s/5c/5 - Black
Screen Protection,Laptop Protection (Clear Guard/ Palm Guard),99MO012211,PalmGuard 13 R - Silver
Screen Protection,Smart Phone Screen Protection,99MO020972,iVisor AG for iPhone 6 Plus - Black
Screen Protection,Smart Phone Screen Protection,99MO075804,iVisor Glass for iPhone 6 - White
Screen Protection,Laptop Protection (Clear Guard/ Palm Guard),99MO021916,ClearGuard MK (JP layout) - N/A
Screen Protection,Tablet Screen Protection,99MO020001,iVisor AG for iPad mini 4 - Black
Screen Protection,Tablet Screen Protection,99MO020012,iVisor AG for iPad Pro/Air (10.5-inch) - Black
Screen Protection,Smart Phone Screen Protection,99MO096009,IonGlass for Pixel 2 XL - Black
Screen Protection,Smart Phone Screen Protection,99MO075812,IonGlass  for Galaxy S8 - Black
Screen Protection,Laptop Protection (Clear Guard/ Palm Guard),99MO012205,PalmGuard 13 (Unibody) - Silver
Screen Protection,Smart Phone Screen Protection,99MO085004,iVisor Glass Privacy for iPhone 6 Plus - White
Screen Protection,Tablet Screen Protection,99MO020934,iVisor AG for iPad mini - White
Screen Protection,Smart Phone Screen Protection,99MO020009,iVisor AG for iPhone 7 - White
Screen Protection,Car Screen Protection,99MO020042,iVisor XT for Model 3/Y - Black
Screen Protection,Laptop Screen Protection,99MO040902,iVisor Pro 15 - N/A
Screen Protection,Tablet Screen Protection,99MO085005,Umbra for PixelBook - Black
Screen Protection,Laptop Protection (Clear Guard/ Palm Guard),99MO012208,PalmGuard Air 11 - Silver
Screen Protection,Laptop Screen Protection,99MO040904,iVisor Pro 15 R - Black
Screen Protection,Tablet Screen Protection,99MO020987,iVisor XT for iPad Air 2 - White
Screen Protection,Tablet Screen Protection,99MO075004,iVisor Glass for iPad mini - Black
Screen Protection,Tablet Screen Protection,99MO075802,iVisor Glass for iPad mini - White
Screen Protection,Smart Phone Screen Protection,99MO020923,iVisor XT for iPhone SE/5s/5c/5 - Black
Screen Protection,Smart Phone Screen Protection,99MO020924,iVisor XT for iPhone SE/5s/5c/5 - White
Screen Protection,Smart Phone Screen Protection,99MO020968,iVisor AG for iPhone 6 - Black
Screen Protection,Smart Phone Screen Protection,99MO020970,iVisor XT for iPhone 6 - Black
Screen Protection,Smart Phone Screen Protection,99MO020971,iVisor XT for iPhone 6 - White
Screen Protection,Smart Phone Screen Protection,99MO020973,iVisor AG for iPhone 6 Plus - White
Screen Protection,Smart Phone Screen Protection,99MO020974,iVisor XT for iPhone 6 Plus - Black
Screen Protection,Smart Phone Screen Protection,99MO020975,iVisor XT for iPhone 6 Plus - White
Screen Protection,Smart Phone Screen Protection,99MO075805,iVisor Glass for iPhone 6 Plus - White
Screen Protection,Smart Phone Screen Protection,99MO096014,IonGlass for Galaxy S9 - Black
Screen Protection,Smart Phone Screen Protection,99MO096015,IonGlass for Galaxy S9 - Black
Screen Protection,Laptop Screen Protection,99MO040913,iVisor XT for MacBook Pro/Air 13 - Black
Screen Protection,Tablet Screen Protection,99MO075807,iVisor Glass for iPad Air 2 - White
Screen Protection,Smart Phone Screen Protection,99MO075002,iVisor Glass for iPhone SE/5s/5c/5 - White
Screen Protection,Smart Phone Screen Protection,99MO044902,AirFoil Film Protector for iPad Gen 2/3/4 - N/A
Screen Protection,Laptop Screen Protection,99MO040901,iVisor Pro 13 - N/A
Screen Protection,Laptop Screen Protection,99MO040903,iVisor Air 11 - Silver
Screen Protection,Laptop Screen Protection,99MO040907,iVisor Pro 13 R - Black
Screen Protection,Tablet Screen Protection,99MO020998,iVisor AG for iPad Pro (12.9-inch) - Black
Screen Protection,Tablet Screen Protection,99MO020999,iVisor AG for iPad Pro (12.9-inch) - White
Screen Protection,Smart Phone Screen Protection,99MO044903,AirFoil Screen Protector Set for iPhone SE/5s/5c/5 - N/A
Screen Protection,Smart Phone Screen Protection,99MO085001,iVisor Glass Privacy for iPhone 6 - Black
Screen Protection,Smart Phone Screen Protection,99MO085003,iVisor Glass Privacy for iPhone 6 Plus - Black
Screen Protection,Smart Phone Screen Protection,99MO076006,AirFoil Glass for iPhone 6 - Clear
Screen Protection,Smart Phone Screen Protection,99MO076007,AirFoil Glass for iPhone 6 Plus - Clear
Screen Protection,Laptop Protection (Clear Guard/ Palm Guard),99MO021907,ClearGuard 11 (US Layout) - N/A
Screen Protection,Tablet Screen Protection,99MO075003,iVisor Glass for iPad Air - Black
Screen Protection,Tablet Screen Protection,99MO020950,iVisor AG for iPad Air (black) - Black
Screen Protection,Tablet Screen Protection,99MO020948,iVisor XT for iPad Air (black) - Black
Screen Protection,Tablet Screen Protection,99MO020044,"iVisor AG for iPad Pro (12.9-inch, 5th-3rd gen) - Black"
Screen Protection,Tablet Screen Protection,99MO020043,"iVisor AG for iPad Air (10.9-inch, 4th gen)/iPad Pro (11-inch, 3rd-1st gen) - black"
Screen Protection,Tablet Screen Protection,99MO020949,iVisor XT for iPad Air (white) - White
Screen Protection,Laptop Protection (Clear Guard/ Palm Guard),99MO021933,"ClearGuard MK for iMac (24-inch, M1, 2021) (US layout) - N/A"
Screen Protection,Smart Phone Screen Protection,99MO044919,AirFoil Pro for iPhone 13 Pro Max - Black
Screen Protection,Smart Phone Screen Protection,99MO044917,AirFoil Pro for iPhone 13 mini - Black
Screen Protection,Smart Phone Screen Protection,99MO044918,AirFoil Pro for iPhone 13 - Black
Screen Protection,Smart Phone Screen Protection,99MO020047,iVisor AG for iPhone 13 - Black
Screen Protection,Smart Phone Screen Protection,99MO020048,iVisor AG for iPhone 13 Pro Max - Black
Screen Protection,Smart Phone Screen Protection,99MO020046,iVisor AG for iPhone 13 mini - Black
Batteries and Power,Wireless Chargers,99MO022201,Flekto
